temperature_c,humidity_pct,wind_speed_kmh,rainfall_mm,tree_age_years,soil_type,growth_stage,water_need_liters
30.1,46.9,2.9,4.3,22,Clay,Vegetative,0.0
20.7,43.0,7.9,0.4,11,Sandy,Fruiting,6.0
33.3,62.8,4.5,3.2,26,Loam,Vegetative,0.4
34.6,59.5,2.7,3.0,2,Sandy,Flowering,0.0
14.3,29.7,3.1,0.7,1,Sandy,Flowering,0.1
18.9,75.2,16.6,7.7,28,Loam,Fruiting,1.1
28.9,53.3,8.9,2.0,6,Loam,Flowering,4.6
25.8,35.0,16.7,1.3,29,Loam,Vegetative,5.8
27.9,76.4,21.2,1.2,9,Loam,Flowering,1.7
22.0,66.3,8.5,1.3,11,Loam,Vegetative,2.5
34.2,32.2,7.9,0.2,1,Clay,Flowering,0.9
33.4,87.0,1.3,4.2,28,Sandy,Flowering,4.0
28.5,66.9,5.8,8.9,11,Loam,Fruiting,0.0
35.9,54.8,2.9,6.5,5,Loam,Vegetative,0.0
31.3,83.6,19.8,1.4,15,Loam,Vegetative,0.0
22.0,57.9,2.6,3.8,5,Clay,Flowering,2.3
30.6,54.5,3.2,1.2,23,Sandy,Vegetative,5.6
21.3,43.1,20.4,0.5,3,Loam,Vegetative,0.0
34.1,65.5,31.2,1.4,15,Clay,Vegetative,5.6
27.7,63.6,8.0,1.4,12,Loam,Flowering,3.6
26.7,55.3,6.6,0.6,2,Loam,Vegetative,0.4
23.2,40.8,2.7,1.5,2,Clay,Flowering,0.0
36.6,57.3,11.7,1.8,16,Sandy,Fruiting,11.4
26.9,53.7,5.5,0.9,12,Loam,Flowering,3.3
25.0,31.0,6.1,0.2,4,Clay,Vegetative,0.1
25.5,28.5,5.4,0.8,5,Sandy,Vegetative,5.6
31.7,65.2,5.1,6.2,24,Loam,Vegetative,0.0
30.6,10.0,2.7,2.4,22,Loam,Flowering,5.2
30.9,58.7,33.6,1.1,18,Clay,Fruiting,8.8
31.0,46.4,10.7,0.9,25,Clay,Vegetative,2.7
43.0,78.5,32.6,3.1,3,Clay,Vegetative,0.5
25.2,46.1,36.1,0.6,20,Sandy,Vegetative,6.7
24.4,66.9,3.7,0.7,22,Loam,Vegetative,0.1
22.3,47.9,5.3,5.3,6,Clay,Fruiting,0.4
32.3,57.0,12.2,1.7,16,Loam,Vegetative,2.7
35.9,68.3,3.3,0.5,23,Loam,Vegetative,7.0
27.2,46.7,20.5,0.1,18,Sandy,Vegetative,7.3
22.1,72.9,5.1,10.1,8,Clay,Vegetative,0.8
22.2,37.1,3.6,0.0,20,Sandy,Vegetative,1.4
32.6,60.3,4.3,2.2,23,Loam,Flowering,5.0
33.2,71.6,0.6,3.0,1,Clay,Vegetative,0.0
31.8,66.9,2.9,2.3,17,Clay,Vegetative,2.2
23.3,89.5,32.4,1.4,15,Clay,Flowering,0.0
29.6,41.3,4.3,5.5,11,Loam,Flowering,0.0
28.8,30.2,3.8,6.1,2,Sandy,Vegetative,2.4
29.5,37.1,7.2,1.5,3,Loam,Fruiting,3.8
34.1,66.9,6.9,2.0,22,Sandy,Vegetative,4.3
29.6,64.0,1.0,2.1,24,Clay,Fruiting,2.5
32.8,56.8,8.6,3.2,13,Loam,Fruiting,3.6
28.5,34.8,1.0,0.6,28,Loam,Flowering,6.2
30.0,68.8,1.8,0.2,27,Sandy,Vegetative,4.7
32.4,33.0,0.5,1.6,20,Loam,Fruiting,10.3
17.8,75.9,12.3,0.3,17,Clay,Vegetative,1.9
25.8,98.0,10.1,1.8,28,Loam,Vegetative,2.5
24.7,61.6,3.5,4.5,18,Sandy,Flowering,0.0
23.5,65.5,8.7,1.7,28,Sandy,Flowering,4.0
26.1,46.1,17.8,2.2,29,Loam,Fruiting,6.3
38.5,22.4,1.5,2.6,6,Sandy,Fruiting,7.2
21.9,44.2,3.8,3.8,20,Clay,Fruiting,0.8
34.8,35.3,0.9,2.4,22,Loam,Fruiting,7.9
16.2,29.0,0.1,1.6,24,Sandy,Flowering,6.3
25.7,86.0,1.4,1.5,11,Loam,Flowering,3.6
29.1,59.9,8.0,0.6,25,Loam,Fruiting,9.3
32.1,61.8,6.3,1.5,15,Sandy,Fruiting,9.5
33.0,49.4,4.2,4.0,12,Loam,Fruiting,7.1
33.6,51.9,7.1,1.4,5,Sandy,Fruiting,5.3
25.6,72.4,15.1,1.2,10,Loam,Flowering,3.8
24.8,54.4,6.7,2.2,29,Clay,Vegetative,1.3
34.0,64.6,11.1,0.5,21,Clay,Fruiting,8.3
26.7,51.5,5.1,0.2,22,Loam,Vegetative,5.8
19.1,48.8,0.4,3.5,26,Loam,Vegetative,0.5
20.1,29.7,4.3,0.9,8,Sandy,Flowering,5.9
21.6,19.4,15.7,0.8,20,Loam,Flowering,3.9
31.5,50.3,7.3,5.6,11,Sandy,Flowering,5.3
29.0,56.0,36.4,6.5,25,Loam,Vegetative,3.0
32.8,31.8,8.0,1.9,13,Sandy,Vegetative,6.8
25.0,54.4,13.1,2.7,25,Clay,Vegetative,1.9
29.1,56.0,14.5,9.1,22,Clay,Vegetative,1.4
32.4,16.2,6.2,1.4,23,Loam,Vegetative,3.3
25.8,38.5,5.2,5.3,27,Loam,Fruiting,3.0
31.2,62.3,8.0,3.6,23,Sandy,Vegetative,4.0
23.4,62.0,14.1,8.1,10,Loam,Vegetative,0.0
25.5,34.2,11.1,0.7,16,Sandy,Vegetative,6.0
25.3,57.9,10.5,4.4,14,Sandy,Flowering,0.6
19.6,73.4,1.4,0.5,2,Loam,Fruiting,0.6
31.4,69.0,4.2,4.4,18,Loam,Vegetative,1.4
24.7,53.3,9.7,1.0,13,Loam,Vegetative,1.8
28.1,46.6,5.2,0.2,12,Loam,Fruiting,7.0
31.4,43.7,20.2,4.7,4,Sandy,Vegetative,1.0
31.1,63.4,0.5,0.1,15,Sandy,Fruiting,6.9
32.7,58.5,3.0,5.0,17,Loam,Fruiting,5.1
27.3,66.3,0.4,0.6,4,Loam,Flowering,1.4
25.0,57.4,2.8,2.2,19,Sandy,Fruiting,10.1
27.4,69.7,0.1,0.1,5,Loam,Flowering,3.5
16.2,56.7,32.8,0.2,5,Loam,Flowering,0.7
17.9,69.1,8.0,0.8,12,Loam,Vegetative,0.2
18.7,70.7,7.0,1.2,12,Clay,Vegetative,3.8
21.0,40.5,7.2,0.5,27,Loam,Vegetative,2.5
30.8,22.5,3.1,0.3,2,Loam,Flowering,0.0
21.7,82.8,1.6,0.4,11,Loam,Flowering,5.2
25.4,59.6,8.7,1.8,22,Loam,Vegetative,2.0
37.1,24.1,1.2,0.2,8,Sandy,Flowering,10.2
25.5,42.2,0.4,6.5,29,Sandy,Vegetative,1.9
33.2,68.9,3.5,6.6,22,Clay,Vegetative,0.5
21.5,50.0,7.4,0.2,28,Sandy,Vegetative,9.1
26.6,45.8,0.8,3.3,28,Loam,Fruiting,0.6
21.3,80.2,14.7,3.1,4,Loam,Flowering,0.0
25.6,36.1,6.6,2.2,14,Loam,Fruiting,4.6
33.9,40.6,21.4,0.8,22,Clay,Vegetative,9.7
15.9,58.8,0.4,2.2,1,Loam,Flowering,3.6
31.0,62.0,0.1,5.1,14,Sandy,Fruiting,7.1
29.7,63.9,2.4,0.9,20,Loam,Vegetative,2.3
23.8,71.4,0.3,4.2,23,Loam,Flowering,0.0
17.9,58.6,12.9,1.7,13,Loam,Vegetative,0.1
28.5,63.8,10.5,5.9,26,Loam,Vegetative,0.0
24.3,50.3,4.3,2.6,20,Loam,Flowering,6.2
29.6,56.1,1.6,4.7,2,Loam,Vegetative,0.0
28.2,56.9,6.4,8.1,9,Clay,Flowering,0.0
39.2,58.9,6.5,1.5,28,Loam,Fruiting,10.6
26.3,68.9,12.8,3.0,1,Loam,Vegetative,0.0
20.8,65.0,1.7,9.5,4,Sandy,Vegetative,0.1
29.3,55.8,11.0,14.9,10,Sandy,Fruiting,0.0
29.5,40.4,9.4,2.2,29,Loam,Flowering,4.6
37.5,56.2,4.6,7.7,21,Loam,Fruiting,2.3
33.8,54.5,0.4,1.2,5,Loam,Vegetative,1.6
30.5,58.5,1.0,1.4,12,Loam,Flowering,5.3
38.2,94.7,0.9,7.4,28,Sandy,Fruiting,4.4
19.7,45.6,6.3,2.7,7,Loam,Vegetative,0.3
23.5,62.6,15.4,4.8,17,Clay,Fruiting,2.3
21.5,74.2,8.7,1.2,14,Loam,Flowering,1.6
25.3,56.8,2.2,4.4,23,Loam,Fruiting,4.0
18.4,97.1,7.6,5.1,22,Clay,Vegetative,0.0
32.4,48.2,9.2,1.3,25,Sandy,Flowering,7.0
26.4,60.8,32.4,1.9,4,Loam,Vegetative,0.3
17.7,40.6,0.4,1.1,14,Clay,Fruiting,2.4
20.9,48.7,6.6,5.9,21,Loam,Vegetative,3.7
30.2,59.5,17.8,3.2,13,Sandy,Vegetative,3.7
33.9,70.2,0.4,0.5,20,Clay,Fruiting,4.0
42.0,60.7,2.3,8.4,19,Sandy,Vegetative,3.3
48.0,77.7,7.7,2.9,11,Loam,Flowering,6.5
30.9,53.3,4.1,1.3,3,Sandy,Vegetative,2.7
21.1,49.0,5.7,2.7,29,Loam,Flowering,1.3
13.1,98.0,5.5,0.7,24,Loam,Vegetative,4.0
29.9,62.1,9.1,1.0,26,Loam,Flowering,4.6
22.3,42.0,3.5,5.2,9,Clay,Flowering,2.8
25.1,42.5,9.8,1.0,10,Loam,Vegetative,1.2
23.7,38.0,12.1,10.5,10,Loam,Vegetative,0.0
27.0,71.9,7.3,0.7,1,Clay,Vegetative,3.0
35.5,48.4,2.9,6.0,5,Clay,Fruiting,1.1
29.1,57.3,17.3,6.1,9,Sandy,Vegetative,5.4
26.9,53.9,0.3,3.4,29,Sandy,Vegetative,1.8
20.8,68.2,5.5,0.7,6,Loam,Vegetative,2.5
16.3,39.8,11.1,1.3,15,Clay,Flowering,6.1
24.6,35.6,3.8,2.0,16,Loam,Fruiting,1.8
27.6,59.0,3.2,4.1,11,Sandy,Flowering,0.0
40.4,65.8,1.0,10.8,27,Loam,Fruiting,0.0
28.9,61.0,4.7,3.1,3,Loam,Fruiting,2.9
34.9,40.4,21.4,3.3,26,Loam,Fruiting,5.1
24.5,67.2,0.3,4.2,22,Clay,Fruiting,2.6
19.7,41.6,0.5,1.7,9,Loam,Vegetative,2.7
21.2,45.6,18.4,0.7,23,Loam,Fruiting,9.7
22.9,38.0,40.7,6.4,13,Loam,Fruiting,4.9
42.9,78.4,7.6,11.4,29,Loam,Flowering,0.7
22.3,66.4,39.8,4.7,2,Loam,Vegetative,2.7
33.9,65.9,6.3,0.9,1,Loam,Vegetative,1.6
21.7,77.4,6.5,2.8,16,Loam,Flowering,1.1
34.5,98.0,10.4,3.2,28,Loam,Flowering,1.9
30.7,24.2,30.1,1.5,2,Loam,Fruiting,1.9
26.9,41.7,2.7,3.1,23,Sandy,Vegetative,2.9
27.7,43.9,6.1,9.9,28,Loam,Flowering,0.4
23.4,39.7,21.7,1.9,15,Loam,Vegetative,0.0
31.1,35.6,20.3,2.1,26,Loam,Vegetative,4.2
24.8,49.6,18.0,3.3,22,Loam,Vegetative,2.1
19.4,33.1,9.6,2.0,7,Sandy,Fruiting,5.0
19.1,61.0,9.6,5.2,25,Clay,Flowering,3.3
29.2,55.9,6.3,1.5,21,Clay,Fruiting,5.5
39.1,63.7,0.6,2.9,1,Loam,Fruiting,0.0
29.1,64.1,3.5,4.4,17,Loam,Fruiting,0.0
27.2,65.9,11.1,0.8,19,Loam,Flowering,6.7
30.0,48.3,3.7,2.1,24,Loam,Fruiting,4.3
37.1,93.2,2.7,1.9,23,Clay,Fruiting,7.2
29.5,59.2,0.2,1.7,14,Sandy,Fruiting,9.7
25.1,21.5,13.2,1.4,9,Sandy,Vegetative,1.1
35.7,37.0,6.2,0.6,6,Loam,Fruiting,8.4
31.0,23.7,3.9,3.5,3,Sandy,Vegetative,3.3
38.8,55.3,8.8,0.3,19,Loam,Vegetative,8.5
29.3,52.8,1.4,6.3,28,Loam,Fruiting,0.0
19.4,46.6,16.8,1.2,3,Sandy,Fruiting,0.9
18.4,91.2,6.7,1.0,21,Loam,Vegetative,0.0
39.6,64.9,16.1,1.2,17,Loam,Vegetative,7.2
40.1,68.1,0.2,7.2,5,Clay,Fruiting,0.9
26.7,38.2,1.5,1.3,7,Loam,Vegetative,0.0
25.3,37.0,0.9,2.4,9,Sandy,Vegetative,2.0
38.2,55.7,2.1,0.4,20,Loam,Fruiting,10.9
20.3,58.1,9.9,5.5,9,Loam,Fruiting,0.7
21.7,21.6,1.0,6.5,25,Loam,Flowering,0.3
32.5,51.8,24.7,0.1,11,Loam,Flowering,7.1
25.2,55.3,7.8,1.1,4,Sandy,Vegetative,0.2
28.0,51.1,12.3,0.6,3,Loam,Vegetative,2.2
26.9,40.4,25.1,11.4,12,Loam,Fruiting,0.1
30.4,45.3,3.5,0.7,12,Sandy,Fruiting,9.6
37.9,51.8,9.8,4.1,22,Loam,Vegetative,4.9
28.6,56.6,0.6,4.7,14,Clay,Vegetative,0.2
32.5,65.9,0.4,8.0,5,Loam,Vegetative,2.2
13.6,74.5,5.3,1.4,7,Sandy,Vegetative,0.4
27.7,49.7,8.4,0.4,17,Loam,Vegetative,1.5
22.1,46.8,9.9,0.3,10,Sandy,Vegetative,5.1
19.5,62.9,15.9,2.8,20,Loam,Fruiting,3.3
21.9,66.0,13.4,3.6,27,Loam,Vegetative,1.9
25.7,47.2,7.0,1.5,11,Sandy,Fruiting,3.9
34.4,69.2,5.1,3.0,17,Loam,Flowering,8.2
18.7,72.6,3.9,2.4,25,Clay,Fruiting,3.3
28.2,78.3,0.0,1.7,7,Sandy,Fruiting,4.3
24.6,87.0,9.2,3.4,15,Clay,Vegetative,0.0
25.7,39.4,15.5,0.4,9,Loam,Vegetative,6.2
35.0,55.3,11.8,0.6,19,Loam,Fruiting,6.9
31.8,55.2,3.4,3.6,22,Sandy,Vegetative,7.8
37.4,53.2,5.1,12.5,5,Sandy,Vegetative,0.0
26.9,43.3,3.8,3.1,6,Sandy,Vegetative,5.2
23.1,28.3,4.8,1.7,1,Loam,Fruiting,0.0
26.4,56.7,6.4,4.4,1,Clay,Vegetative,3.2
29.7,41.2,0.8,13.0,2,Clay,Flowering,0.0
29.2,56.5,2.2,1.2,21,Sandy,Flowering,6.4
20.4,40.7,0.9,1.2,27,Sandy,Fruiting,6.9
28.6,35.2,0.1,0.0,12,Sandy,Vegetative,6.8
29.6,59.2,2.9,1.4,26,Clay,Fruiting,7.2
45.6,57.7,4.4,0.3,22,Sandy,Fruiting,13.1
41.1,65.4,4.0,7.1,24,Sandy,Flowering,5.0
22.0,94.3,0.3,9.2,22,Loam,Vegetative,2.5
26.0,60.0,13.7,0.5,6,Loam,Fruiting,3.7
17.8,63.7,1.3,12.6,16,Sandy,Fruiting,1.1
23.9,35.6,7.3,2.2,16,Loam,Vegetative,2.0
30.2,31.8,7.8,0.1,19,Sandy,Vegetative,7.0
36.4,83.5,1.0,8.2,24,Sandy,Vegetative,0.2
22.9,38.4,0.3,1.4,4,Sandy,Vegetative,0.2
23.4,36.2,0.2,5.5,20,Loam,Vegetative,0.0
13.0,54.3,2.6,1.4,25,Clay,Vegetative,1.1
26.9,53.4,6.9,0.8,4,Loam,Vegetative,2.0
20.6,38.8,1.2,2.5,13,Loam,Fruiting,6.2
24.3,49.5,0.6,0.5,26,Loam,Fruiting,7.6
21.9,77.1,7.2,4.4,1,Loam,Fruiting,0.6
27.3,40.5,1.2,5.3,5,Clay,Flowering,0.0
15.7,29.9,13.3,0.8,24,Loam,Flowering,1.8
17.7,72.0,5.4,4.2,5,Clay,Vegetative,3.9
42.9,63.9,7.1,3.7,21,Loam,Fruiting,6.2
19.0,43.8,16.7,9.6,27,Loam,Vegetative,0.2
20.3,26.5,1.4,0.3,15,Sandy,Flowering,5.9
40.9,41.6,6.5,0.6,15,Loam,Fruiting,10.0
48.0,54.0,3.4,1.4,13,Loam,Fruiting,9.2
19.8,76.0,1.1,0.7,11,Clay,Vegetative,0.2
25.4,36.3,7.2,1.6,12,Clay,Fruiting,3.3
30.4,53.5,0.3,0.3,17,Loam,Vegetative,3.1
40.1,67.2,15.0,4.6,26,Clay,Vegetative,5.1
21.1,12.1,9.2,3.6,29,Clay,Vegetative,0.6
26.3,73.6,31.6,1.9,26,Loam,Vegetative,2.5
33.4,33.7,4.9,8.5,4,Sandy,Fruiting,0.4
31.0,61.0,20.2,15.6,9,Sandy,Vegetative,1.3
25.4,59.4,1.6,1.6,22,Sandy,Vegetative,2.8
27.1,74.5,6.0,8.3,16,Sandy,Fruiting,2.8
18.4,64.9,6.0,1.7,10,Clay,Flowering,0.0
26.3,12.2,9.3,5.1,10,Sandy,Vegetative,4.0
26.1,40.9,23.3,5.4,4,Loam,Flowering,0.1
29.6,57.5,12.7,1.3,10,Loam,Flowering,5.1
24.1,51.5,0.6,3.3,13,Loam,Flowering,0.8
31.3,63.6,6.7,1.5,13,Sandy,Flowering,4.1
35.1,69.2,3.1,4.4,16,Loam,Fruiting,1.5
29.1,66.0,1.1,1.6,8,Loam,Vegetative,1.1
30.5,51.1,5.2,0.5,6,Loam,Flowering,6.0
28.4,21.8,4.1,5.4,26,Sandy,Vegetative,0.0
28.0,46.8,0.3,4.4,12,Loam,Fruiting,0.0
22.9,62.5,6.3,5.2,8,Sandy,Vegetative,0.0
30.2,35.4,0.8,3.9,19,Loam,Vegetative,1.2
27.3,66.4,11.1,5.2,16,Loam,Fruiting,2.1
42.7,71.4,2.4,0.7,17,Sandy,Flowering,9.6
39.0,57.3,7.2,4.6,7,Clay,Vegetative,3.1
30.7,10.0,1.5,0.8,21,Sandy,Vegetative,8.6
22.7,32.0,18.4,3.0,6,Clay,Vegetative,4.6
20.2,89.0,0.4,3.1,25,Clay,Fruiting,0.0
36.3,45.2,17.6,1.3,13,Loam,Flowering,6.2
29.8,19.3,1.6,3.2,12,Loam,Vegetative,3.9
31.4,77.2,1.3,4.6,12,Sandy,Flowering,2.4
15.8,55.2,7.4,2.3,13,Clay,Flowering,2.8
34.5,74.9,6.3,0.4,20,Loam,Vegetative,5.5
31.2,60.0,25.3,1.0,15,Sandy,Fruiting,13.3
20.2,63.3,5.4,4.7,4,Loam,Vegetative,2.1
24.7,61.5,1.9,2.0,17,Sandy,Fruiting,7.6
29.8,67.6,7.1,1.5,8,Loam,Fruiting,4.4
28.4,96.0,6.4,7.4,4,Loam,Vegetative,0.0
26.0,72.5,6.4,1.7,25,Sandy,Fruiting,5.6
27.3,26.6,27.3,10.9,10,Clay,Fruiting,0.0
26.2,63.0,2.4,3.7,18,Sandy,Flowering,6.4
29.1,75.5,4.4,6.5,5,Loam,Flowering,1.5
38.3,76.6,13.9,1.8,10,Loam,Vegetative,3.9
10.0,47.3,8.5,5.5,12,Clay,Vegetative,2.6
26.3,76.0,1.8,1.0,4,Loam,Fruiting,1.7
29.2,71.7,11.2,1.2,29,Clay,Vegetative,0.0
30.1,98.0,1.5,4.1,10,Loam,Vegetative,2.5
25.4,41.5,8.7,0.4,17,Clay,Flowering,2.1
15.7,45.9,15.5,1.4,17,Sandy,Vegetative,2.1
30.3,49.5,11.5,3.6,13,Loam,Fruiting,5.6
40.1,46.2,0.1,8.9,17,Sandy,Fruiting,5.8
17.3,39.0,5.7,0.9,17,Clay,Fruiting,5.0
34.0,10.0,1.3,5.7,3,Clay,Vegetative,1.2
25.7,47.2,3.1,2.3,20,Loam,Flowering,4.8
27.6,61.6,11.0,13.8,4,Loam,Fruiting,0.0
20.6,46.1,1.5,6.9,13,Loam,Vegetative,0.6
25.7,89.8,21.2,2.7,11,Sandy,Fruiting,2.3
37.1,55.2,0.2,4.9,13,Loam,Flowering,6.7
32.1,78.2,1.5,0.1,3,Loam,Vegetative,0.0
40.1,59.7,0.4,6.2,21,Loam,Vegetative,0.8
36.2,69.9,5.5,1.1,13,Sandy,Fruiting,6.8
31.1,60.0,2.3,4.6,2,Clay,Vegetative,0.0
40.2,79.6,5.6,2.7,1,Sandy,Fruiting,0.4
31.1,56.0,16.7,1.3,16,Loam,Flowering,5.2
33.8,63.9,7.8,8.2,20,Sandy,Vegetative,2.4
25.9,61.6,0.4,0.1,16,Sandy,Fruiting,7.6
28.5,49.8,0.0,1.7,21,Sandy,Flowering,4.8
23.1,62.3,8.7,1.3,22,Loam,Vegetative,2.6
34.9,95.2,0.8,0.9,26,Loam,Fruiting,9.2
19.8,50.1,5.9,2.9,29,Loam,Fruiting,4.7
33.5,62.6,19.3,2.9,26,Loam,Flowering,3.5
26.7,77.6,6.5,2.5,24,Loam,Fruiting,2.9
36.2,75.5,10.5,3.4,13,Sandy,Flowering,7.2
33.3,55.2,3.9,1.0,15,Sandy,Flowering,8.3
40.7,12.1,4.0,9.7,18,Loam,Vegetative,0.0
33.1,64.3,0.3,0.2,5,Loam,Vegetative,5.0
17.0,15.0,1.3,8.1,20,Loam,Flowering,0.0
27.5,81.5,0.4,0.2,18,Sandy,Flowering,8.6
19.8,58.1,3.0,1.3,16,Clay,Fruiting,4.1
24.4,73.0,8.9,2.1,25,Sandy,Flowering,2.2
38.6,38.8,1.1,0.7,20,Loam,Flowering,7.0
32.5,27.1,14.4,1.8,28,Sandy,Fruiting,9.3
23.1,59.7,5.9,1.6,29,Loam,Fruiting,4.8
20.9,54.4,7.2,3.8,24,Loam,Vegetative,0.1
28.2,46.2,13.6,1.5,9,Loam,Fruiting,3.7
19.5,56.5,5.4,1.9,6,Sandy,Fruiting,0.3
23.3,98.0,7.3,1.2,9,Loam,Vegetative,3.1
30.2,70.0,6.1,13.6,21,Sandy,Vegetative,0.6
36.1,73.9,0.5,0.8,26,Loam,Vegetative,5.0
32.3,70.2,1.6,1.9,26,Sandy,Fruiting,8.1
12.0,81.6,12.6,3.0,20,Sandy,Flowering,0.0
30.1,51.6,27.6,1.4,20,Loam,Flowering,7.2
28.5,18.0,1.4,0.1,28,Sandy,Fruiting,14.5
30.9,51.6,4.2,2.6,20,Sandy,Vegetative,6.4
39.3,69.6,2.4,1.9,5,Clay,Vegetative,1.7
13.6,37.5,8.3,0.1,15,Clay,Fruiting,2.2
23.9,51.8,6.3,2.6,11,Clay,Fruiting,0.0
32.1,42.5,0.3,0.9,19,Loam,Fruiting,9.5
16.9,82.0,27.5,4.0,19,Loam,Vegetative,1.6
38.3,68.5,20.6,0.1,9,Loam,Vegetative,5.2
30.6,66.7,10.1,1.7,9,Sandy,Vegetative,1.2
33.9,66.2,6.2,1.0,3,Loam,Flowering,0.7
24.0,54.3,2.7,0.2,9,Sandy,Vegetative,4.9
33.7,58.6,4.0,6.5,25,Clay,Fruiting,1.8
35.5,33.7,3.2,1.9,19,Loam,Fruiting,9.4
29.6,15.6,4.1,1.4,28,Loam,Flowering,6.3
29.6,57.7,0.6,4.7,27,Loam,Vegetative,2.8
29.9,60.8,15.0,1.8,25,Sandy,Vegetative,5.6
22.0,76.8,6.9,3.2,6,Loam,Flowering,2.6
27.0,83.3,4.6,1.9,10,Loam,Fruiting,0.0
26.9,83.3,9.7,1.7,2,Loam,Vegetative,0.0
30.7,37.0,9.8,3.3,3,Loam,Fruiting,1.2
35.0,48.7,0.2,0.1,7,Sandy,Vegetative,7.8
20.6,63.6,1.4,1.9,9,Loam,Vegetative,5.1
27.1,98.0,5.3,9.5,1,Loam,Fruiting,0.0
38.4,81.6,13.5,0.4,25,Sandy,Vegetative,6.1
22.8,75.1,14.1,5.3,16,Clay,Vegetative,0.0
22.2,48.0,3.0,0.8,20,Loam,Flowering,5.9
29.4,39.1,11.2,6.4,19,Loam,Vegetative,0.0
33.9,69.2,0.2,0.5,29,Clay,Vegetative,9.9
28.1,35.2,9.5,1.5,5,Loam,Vegetative,1.0
37.3,50.7,4.8,2.7,10,Clay,Vegetative,7.0
34.0,52.9,2.6,11.9,9,Loam,Flowering,1.5
33.9,83.7,6.3,0.9,16,Loam,Vegetative,2.3
31.9,48.6,7.2,4.3,16,Sandy,Fruiting,7.0
44.3,11.1,22.4,1.4,23,Sandy,Fruiting,19.3
26.6,64.1,27.4,4.9,17,Loam,Vegetative,0.7
14.0,42.4,4.5,3.2,7,Sandy,Vegetative,1.7
39.2,55.8,13.9,0.3,17,Sandy,Vegetative,10.0
24.8,53.4,4.1,2.4,28,Loam,Vegetative,3.4
28.8,50.1,7.7,0.5,17,Loam,Vegetative,4.5
37.2,69.2,1.9,1.0,18,Sandy,Fruiting,7.4
16.8,27.4,1.2,2.6,6,Loam,Vegetative,0.1
19.2,45.7,6.2,0.6,1,Clay,Flowering,0.7
16.8,67.3,3.1,8.1,7,Loam,Fruiting,0.0
22.4,43.9,2.8,1.8,1,Loam,Fruiting,0.3
31.1,26.0,0.5,2.3,14,Loam,Vegetative,3.2
31.7,67.0,1.1,2.4,26,Sandy,Vegetative,1.3
29.9,75.2,8.8,1.5,13,Loam,Fruiting,5.2
18.1,54.2,8.7,1.3,19,Clay,Vegetative,1.0
11.8,19.7,5.0,3.0,25,Loam,Fruiting,5.1
28.4,67.7,6.8,6.0,23,Loam,Fruiting,2.7
24.7,25.1,0.4,4.2,19,Clay,Flowering,3.5
31.2,60.6,13.4,0.6,23,Sandy,Vegetative,5.8
32.9,39.0,6.8,6.7,9,Loam,Vegetative,0.0
29.0,34.1,9.1,3.7,13,Loam,Flowering,5.1
33.3,47.0,1.4,6.5,12,Sandy,Flowering,1.7
29.6,51.7,8.3,1.3,24,Loam,Fruiting,6.1
31.7,43.4,8.5,6.7,12,Clay,Fruiting,0.0
23.1,65.6,3.1,0.7,28,Loam,Fruiting,5.1
26.7,47.0,27.6,4.9,6,Sandy,Fruiting,6.1
29.4,72.6,3.2,1.8,5,Loam,Fruiting,5.3
33.7,60.1,17.6,0.0,21,Sandy,Vegetative,10.6
25.2,42.4,13.4,8.1,23,Clay,Flowering,3.5
31.6,39.4,18.6,6.9,20,Sandy,Flowering,0.2
26.1,25.3,4.6,0.7,9,Clay,Flowering,1.7
27.2,60.2,1.7,1.1,1,Loam,Vegetative,0.0
33.8,48.6,1.4,4.3,10,Loam,Flowering,4.5
14.0,12.3,10.8,4.3,14,Loam,Vegetative,0.0
18.9,45.4,5.9,3.9,12,Sandy,Vegetative,0.0
17.6,38.8,4.7,0.2,27,Loam,Fruiting,4.2
11.7,83.4,4.3,0.7,26,Clay,Flowering,2.3
23.3,24.3,0.3,0.4,23,Clay,Flowering,1.2
33.2,29.1,3.4,2.1,1,Sandy,Flowering,0.0
26.0,75.0,20.3,0.1,4,Loam,Flowering,3.7
29.4,79.4,7.8,0.4,13,Clay,Vegetative,5.8
35.6,41.6,1.9,2.7,19,Clay,Flowering,4.5
37.3,43.6,14.0,0.5,20,Loam,Vegetative,5.1
27.5,66.1,8.8,3.9,9,Sandy,Fruiting,0.1
37.5,13.1,24.4,0.3,4,Clay,Vegetative,6.2
28.6,21.5,2.6,7.2,10,Loam,Fruiting,0.0
22.1,49.9,2.0,0.8,23,Loam,Fruiting,2.6
23.8,82.9,17.6,0.9,29,Loam,Flowering,1.1
17.6,47.2,4.1,0.0,28,Sandy,Vegetative,0.7
21.8,56.8,3.3,4.1,18,Clay,Vegetative,0.0
25.5,75.4,9.4,1.9,3,Sandy,Fruiting,2.0
33.6,92.9,3.5,13.3,29,Loam,Fruiting,0.0
40.0,44.6,1.9,0.4,5,Clay,Fruiting,6.4
18.3,54.7,10.1,5.8,8,Clay,Fruiting,0.0
30.7,87.8,6.6,0.6,29,Clay,Flowering,9.1
20.7,27.6,1.2,2.9,15,Clay,Fruiting,0.0
31.3,73.5,9.7,1.1,6,Sandy,Flowering,5.6
27.1,36.7,1.3,2.0,15,Clay,Flowering,3.7
15.2,56.8,0.4,0.4,3,Clay,Flowering,0.0
34.5,50.6,7.9,3.2,10,Loam,Fruiting,6.1
23.8,37.8,2.0,1.6,28,Loam,Vegetative,4.3
24.3,37.3,6.9,0.0,9,Sandy,Vegetative,4.8
20.5,60.0,45.0,1.0,26,Loam,Vegetative,6.6
23.4,72.9,24.0,0.0,16,Loam,Fruiting,2.1
31.0,52.7,2.2,0.5,20,Loam,Flowering,4.5
26.7,56.3,2.9,5.2,21,Loam,Vegetative,3.1
30.3,65.3,9.5,1.2,16,Loam,Flowering,7.3
30.5,37.5,0.0,4.0,1,Sandy,Flowering,1.1
37.2,68.3,6.9,4.4,27,Clay,Fruiting,7.0
25.6,69.7,2.5,0.1,14,Sandy,Fruiting,3.1
17.7,98.0,7.9,8.3,20,Sandy,Fruiting,1.6
35.5,48.2,9.1,1.5,17,Sandy,Fruiting,12.5
25.7,46.8,8.7,4.7,20,Clay,Vegetative,0.0
35.8,68.8,0.4,1.5,11,Clay,Vegetative,8.5
30.7,69.7,1.1,1.3,25,Sandy,Flowering,6.7
27.1,45.4,16.4,4.3,7,Sandy,Fruiting,0.0
30.4,47.7,1.2,7.9,19,Loam,Vegetative,0.8
41.7,64.7,5.1,2.4,17,Sandy,Fruiting,9.2
42.5,40.1,14.6,0.1,15,Loam,Vegetative,10.5
28.5,47.6,0.2,2.0,1,Sandy,Vegetative,1.1
29.1,56.6,1.7,1.0,12,Loam,Vegetative,2.4
35.5,72.9,8.6,2.3,2,Loam,Fruiting,4.7
22.1,44.1,1.1,1.6,15,Loam,Fruiting,6.1
30.3,21.8,6.4,0.8,20,Loam,Flowering,5.1
27.8,20.5,14.3,0.1,16,Sandy,Fruiting,9.7
30.2,32.3,7.1,0.1,22,Sandy,Fruiting,11.1
22.2,31.4,15.7,3.6,11,Sandy,Vegetative,1.3
16.9,52.2,2.9,1.3,9,Sandy,Fruiting,2.9
13.5,33.6,10.2,8.0,13,Clay,Vegetative,0.1
20.2,42.4,15.1,9.7,7,Sandy,Flowering,0.0
24.8,41.1,2.6,3.9,24,Loam,Vegetative,0.0
25.9,47.1,15.0,2.6,24,Sandy,Flowering,5.9
41.6,78.8,0.8,0.9,13,Loam,Flowering,3.2
35.7,66.9,6.8,1.7,23,Clay,Vegetative,1.6
21.3,55.3,1.3,2.4,1,Loam,Flowering,0.0
30.4,46.7,9.8,6.4,5,Loam,Fruiting,0.0
25.2,47.2,6.2,3.0,9,Clay,Flowering,2.7
26.0,60.9,9.0,0.9,12,Loam,Vegetative,3.0
29.3,65.5,13.5,1.5,7,Clay,Vegetative,1.8
32.3,38.7,5.5,9.8,15,Loam,Vegetative,0.0
25.6,55.7,2.1,0.7,24,Sandy,Fruiting,5.6
35.4,18.4,15.5,4.1,14,Loam,Fruiting,8.4
20.0,58.8,22.1,0.5,14,Sandy,Vegetative,3.9
28.0,68.7,15.7,0.6,2,Sandy,Fruiting,4.7
46.2,50.0,1.2,6.8,9,Clay,Flowering,4.3
29.6,87.7,12.6,1.8,24,Sandy,Fruiting,6.6
38.0,39.1,8.2,2.0,24,Loam,Vegetative,1.7
28.6,58.9,4.4,1.2,4,Clay,Flowering,0.8
32.1,54.4,1.0,1.4,1,Loam,Flowering,0.2
27.6,53.2,9.5,1.8,25,Loam,Vegetative,1.8
26.8,52.9,8.6,0.8,6,Loam,Vegetative,0.9
22.5,56.9,2.2,0.6,17,Clay,Vegetative,2.6
31.0,70.3,3.9,4.6,24,Sandy,Flowering,8.7
22.0,79.8,1.4,1.2,23,Sandy,Fruiting,4.0
32.7,55.0,21.3,1.9,16,Loam,Fruiting,8.0
35.6,69.7,5.2,9.5,11,Clay,Vegetative,0.0
30.6,42.4,7.5,0.1,23,Sandy,Fruiting,12.4
26.0,68.8,6.8,0.9,21,Loam,Vegetative,5.1
31.2,41.3,12.4,2.2,25,Clay,Fruiting,7.4
25.8,74.6,8.4,6.1,15,Sandy,Vegetative,2.7
34.5,94.8,2.4,4.7,28,Sandy,Fruiting,4.4
15.2,52.8,5.0,6.4,23,Loam,Fruiting,0.0
25.7,15.5,3.0,1.0,2,Sandy,Fruiting,6.1
14.1,45.1,4.7,2.4,9,Sandy,Fruiting,3.5
17.5,77.2,8.8,7.8,24,Loam,Vegetative,0.0
37.5,65.0,5.3,5.5,4,Loam,Fruiting,2.5
34.3,59.5,7.4,2.1,21,Loam,Flowering,4.7
23.0,73.2,1.5,0.3,10,Loam,Flowering,5.7
17.5,63.7,5.5,2.6,7,Loam,Fruiting,2.4
7.2,76.9,9.2,0.1,16,Loam,Vegetative,0.0
24.2,71.5,8.2,5.0,28,Clay,Flowering,0.8
44.9,82.4,4.1,8.1,27,Loam,Fruiting,4.7
31.0,61.5,1.9,4.1,12,Loam,Vegetative,2.1
24.1,71.3,23.3,0.9,1,Clay,Vegetative,1.2
31.3,49.5,7.4,2.0,26,Clay,Vegetative,6.0
17.1,44.2,5.4,2.2,27,Sandy,Fruiting,4.6
25.9,85.7,1.4,1.3,18,Clay,Fruiting,3.8
28.7,58.9,10.6,6.2,19,Clay,Vegetative,2.3
27.4,69.5,6.9,1.3,16,Loam,Flowering,9.1
33.5,57.2,2.1,5.8,1,Sandy,Flowering,1.8
30.4,44.4,0.1,2.4,5,Loam,Fruiting,4.0
32.7,55.2,5.9,0.4,5,Loam,Fruiting,6.6
23.2,80.8,1.6,6.5,27,Loam,Fruiting,0.5
34.3,65.0,4.1,2.1,2,Loam,Vegetative,0.5
39.4,24.2,9.3,0.3,17,Sandy,Vegetative,13.2
21.2,51.1,9.1,6.5,11,Sandy,Flowering,0.0
21.8,87.1,0.6,4.5,1,Clay,Flowering,2.3
37.4,51.2,3.3,1.0,27,Sandy,Flowering,8.8
26.7,22.6,17.5,1.6,1,Loam,Vegetative,0.0
37.8,89.1,2.4,7.5,25,Sandy,Vegetative,0.2
24.9,67.3,3.6,1.3,23,Loam,Fruiting,3.9
38.2,53.7,4.2,2.6,24,Loam,Vegetative,5.5
28.9,48.3,0.0,4.8,5,Sandy,Flowering,1.6
29.8,74.5,10.2,1.3,26,Loam,Fruiting,4.3
39.0,45.2,0.5,5.9,18,Loam,Vegetative,4.7
25.5,75.7,2.5,3.6,12,Sandy,Vegetative,3.6
21.4,64.8,1.9,2.4,20,Loam,Vegetative,4.5
24.9,59.4,6.7,2.1,10,Loam,Flowering,3.7
31.2,57.6,3.4,5.6,9,Loam,Vegetative,0.0
17.0,51.9,9.6,4.1,9,Loam,Flowering,1.7
32.5,73.8,11.7,1.9,17,Loam,Vegetative,2.6
24.2,39.4,1.2,1.3,18,Sandy,Vegetative,4.1
36.0,25.8,1.6,1.4,7,Sandy,Vegetative,4.9
11.2,66.1,7.3,3.0,8,Loam,Vegetative,0.0
22.5,66.4,12.6,0.1,28,Loam,Vegetative,4.0
16.2,63.6,24.4,0.5,15,Clay,Fruiting,2.7
22.2,62.3,1.9,8.2,25,Sandy,Vegetative,0.0
29.7,49.2,14.4,4.6,10,Loam,Flowering,3.6
26.7,69.2,1.2,4.2,9,Loam,Flowering,3.9
26.2,54.2,4.1,2.3,9,Sandy,Fruiting,3.5
26.9,46.2,12.9,1.0,16,Loam,Flowering,4.9
29.4,49.4,2.1,2.7,23,Loam,Vegetative,1.1
20.9,91.4,1.4,0.1,15,Sandy,Flowering,2.7
32.9,23.8,0.3,2.1,9,Loam,Vegetative,2.3
32.6,64.0,7.3,0.0,28,Sandy,Fruiting,9.5
30.7,24.8,6.6,1.4,17,Clay,Vegetative,4.8
31.9,53.1,29.4,12.7,12,Sandy,Fruiting,2.1
30.1,47.2,5.2,1.2,1,Sandy,Flowering,0.0
42.2,17.5,1.6,3.5,17,Sandy,Fruiting,14.2
27.4,62.0,3.7,1.5,19,Sandy,Vegetative,5.8
25.9,48.2,0.5,0.1,27,Sandy,Fruiting,5.8
22.7,17.2,8.6,0.0,7,Loam,Fruiting,8.0
20.8,70.1,10.2,0.5,5,Sandy,Flowering,4.1
19.3,80.8,2.0,0.8,29,Sandy,Vegetative,2.5
21.8,81.8,2.4,1.5,16,Sandy,Vegetative,3.3
27.5,61.5,0.6,0.8,1,Loam,Vegetative,0.2
30.3,55.8,0.6,2.3,4,Sandy,Fruiting,4.9
28.4,78.9,4.4,4.5,14,Loam,Flowering,2.2
22.6,85.3,6.0,0.1,18,Loam,Fruiting,4.4
34.3,75.4,0.1,0.4,8,Loam,Fruiting,2.4
33.2,38.1,8.6,8.6,11,Sandy,Fruiting,4.6
26.9,58.6,2.7,3.9,22,Clay,Fruiting,1.7
23.4,62.9,6.6,0.5,29,Loam,Flowering,6.1
31.8,22.4,6.1,0.2,15,Sandy,Flowering,9.9
29.3,63.4,12.3,5.8,13,Loam,Vegetative,0.0
17.9,95.9,15.7,7.1,11,Loam,Fruiting,2.0
27.5,66.5,15.2,2.2,4,Loam,Fruiting,3.3
29.8,81.5,3.2,2.3,2,Loam,Flowering,0.7
21.7,58.3,7.6,0.3,25,Loam,Fruiting,5.1
29.3,53.7,1.3,2.0,2,Sandy,Fruiting,5.2
17.8,61.9,4.9,2.4,24,Clay,Flowering,0.0
37.4,40.3,2.9,8.3,8,Sandy,Fruiting,3.1
36.7,37.7,3.1,0.6,21,Sandy,Flowering,7.1
26.2,77.8,11.8,1.3,28,Sandy,Vegetative,5.5
30.5,79.7,18.5,1.9,22,Loam,Vegetative,2.5
11.1,37.2,3.2,0.6,22,Clay,Flowering,1.0
19.9,72.4,13.2,4.6,8,Clay,Fruiting,0.0
25.9,53.4,4.5,1.0,18,Clay,Vegetative,2.9
20.5,61.1,2.5,1.0,19,Loam,Fruiting,1.6
33.0,63.3,3.9,4.7,13,Loam,Fruiting,0.0
42.0,72.9,2.8,0.3,2,Loam,Fruiting,4.7
19.8,56.5,1.2,2.3,27,Sandy,Vegetative,0.0
22.1,80.4,0.4,1.1,6,Clay,Flowering,3.6
29.6,60.6,0.2,1.5,29,Loam,Vegetative,6.5
39.3,66.2,10.0,2.0,28,Loam,Vegetative,4.8
19.4,40.0,6.5,3.9,1,Loam,Vegetative,2.6
29.7,93.9,3.4,2.8,22,Loam,Vegetative,1.9
40.7,63.5,5.0,3.1,19,Sandy,Vegetative,8.7
16.4,67.8,34.1,2.6,7,Loam,Flowering,0.7
19.0,26.1,4.4,2.0,24,Loam,Flowering,0.0
25.0,40.2,1.9,5.9,4,Clay,Vegetative,0.0
24.4,77.3,9.5,0.2,8,Sandy,Fruiting,9.4
33.7,60.2,1.0,3.3,28,Sandy,Flowering,6.8
29.7,20.6,7.0,2.0,22,Loam,Fruiting,5.9
15.6,73.7,4.3,0.6,4,Clay,Flowering,1.9
31.6,45.2,6.2,8.1,5,Clay,Vegetative,1.9
24.0,80.4,2.6,5.8,8,Loam,Fruiting,0.0
36.9,53.4,3.9,5.9,3,Sandy,Fruiting,6.6
23.6,58.7,11.1,1.2,6,Sandy,Flowering,2.9
23.5,76.2,0.7,2.6,17,Loam,Flowering,4.3
31.8,38.8,12.5,3.6,1,Sandy,Flowering,1.5
33.3,37.1,14.2,2.4,9,Loam,Flowering,4.2
31.1,51.5,3.8,3.0,10,Clay,Fruiting,3.0
16.2,69.9,9.9,3.0,29,Loam,Flowering,3.2
31.8,31.0,7.7,1.7,29,Loam,Vegetative,4.8
20.8,25.0,5.8,1.3,25,Sandy,Vegetative,4.2
29.6,69.8,11.0,1.3,10,Sandy,Vegetative,1.1
18.0,44.1,3.4,0.5,16,Loam,Vegetative,3.9
31.1,47.9,14.6,5.2,15,Loam,Vegetative,2.0
22.4,21.6,19.4,8.6,25,Sandy,Fruiting,1.6
19.0,42.8,7.6,2.1,22,Sandy,Vegetative,3.1
33.0,54.9,1.7,2.3,27,Sandy,Vegetative,3.7
29.7,71.7,0.4,15.0,16,Loam,Vegetative,0.0
23.7,41.1,4.0,5.7,27,Loam,Flowering,0.3
38.2,84.8,0.5,4.4,22,Loam,Flowering,2.8
24.9,42.7,3.7,0.8,22,Loam,Flowering,9.2
28.2,42.7,19.5,4.6,20,Sandy,Fruiting,8.3
29.9,82.7,11.3,0.3,10,Loam,Fruiting,4.5
23.7,58.8,0.6,0.7,18,Sandy,Fruiting,10.2
31.3,45.1,1.8,2.4,11,Clay,Fruiting,3.6
24.3,52.2,8.8,1.2,19,Sandy,Vegetative,4.1
25.1,79.4,24.4,1.6,8,Loam,Flowering,5.6
37.5,81.4,10.4,1.4,24,Sandy,Vegetative,2.3
20.7,40.3,1.2,3.4,17,Loam,Fruiting,2.0
11.1,54.2,4.0,1.4,21,Sandy,Vegetative,0.1
39.3,56.6,12.5,1.7,7,Clay,Vegetative,4.0
45.8,37.2,6.7,6.8,23,Sandy,Vegetative,5.6
25.2,54.0,3.6,5.9,24,Clay,Flowering,0.0
14.4,55.1,45.0,0.2,5,Loam,Fruiting,3.4
25.8,75.5,10.0,0.9,11,Sandy,Vegetative,6.1
26.0,76.7,5.1,6.3,20,Sandy,Flowering,1.7
26.7,49.1,9.0,0.1,26,Loam,Vegetative,4.6
20.2,51.1,2.1,0.7,22,Clay,Fruiting,4.0
32.1,67.0,14.6,2.9,14,Clay,Vegetative,6.0
31.7,44.5,5.8,2.7,9,Sandy,Vegetative,4.1
17.5,65.6,9.4,1.9,27,Loam,Flowering,1.3
32.9,53.4,41.8,1.7,26,Sandy,Flowering,6.5
42.4,37.6,5.5,3.5,27,Sandy,Fruiting,8.6
29.2,37.8,5.1,3.9,9,Loam,Flowering,1.9
25.6,81.0,6.1,5.0,13,Loam,Fruiting,1.6
27.0,52.2,3.4,2.1,8,Sandy,Vegetative,1.8
32.3,84.5,6.8,0.5,28,Clay,Vegetative,4.5
15.9,45.8,0.6,2.7,26,Loam,Fruiting,0.8
29.2,60.2,15.5,4.1,6,Loam,Vegetative,0.0
25.3,98.0,35.8,10.5,8,Sandy,Fruiting,1.2
40.9,36.0,5.4,2.1,17,Clay,Vegetative,7.3
26.8,20.8,0.1,1.3,13,Loam,Flowering,2.7
39.7,78.2,2.7,6.7,14,Loam,Vegetative,1.0
20.3,40.1,0.1,0.1,11,Sandy,Flowering,1.0
32.1,54.6,1.3,1.4,20,Clay,Fruiting,2.6
30.2,44.5,18.9,2.8,27,Loam,Vegetative,2.4
21.9,59.8,4.0,1.0,27,Clay,Vegetative,4.4
29.2,37.9,5.4,6.0,14,Loam,Vegetative,0.0
36.5,51.8,6.5,2.9,25,Loam,Vegetative,2.4
25.7,63.1,1.9,11.3,21,Loam,Vegetative,0.1
16.2,36.9,15.2,1.8,6,Clay,Fruiting,1.9
27.9,42.4,7.9,0.7,24,Sandy,Vegetative,3.8
21.7,48.7,8.3,6.2,11,Sandy,Flowering,4.5
25.6,29.3,6.0,2.0,19,Loam,Flowering,3.9
27.4,47.4,9.8,4.7,21,Loam,Vegetative,1.3
16.1,57.1,4.3,2.1,28,Loam,Vegetative,0.2
16.7,47.8,12.0,0.4,28,Loam,Fruiting,5.3
31.4,50.1,6.6,0.4,24,Loam,Flowering,9.2
24.3,54.6,0.4,1.2,15,Loam,Fruiting,8.1
10.0,43.2,0.7,0.4,12,Loam,Flowering,0.5
33.5,67.4,3.8,0.2,13,Clay,Flowering,7.7
29.9,80.8,0.3,9.0,28,Sandy,Fruiting,1.9
23.0,46.6,0.6,0.8,6,Loam,Fruiting,5.8
18.8,63.7,3.7,2.4,16,Clay,Fruiting,1.7
33.9,50.7,2.8,0.1,20,Sandy,Vegetative,6.2
30.4,61.6,8.2,1.6,1,Loam,Fruiting,2.3
44.7,83.2,2.3,0.8,19,Loam,Fruiting,11.7
30.9,64.2,2.5,1.7,8,Loam,Fruiting,8.3
30.7,23.1,3.7,6.1,9,Loam,Fruiting,3.2
26.8,63.2,0.3,1.2,19,Sandy,Fruiting,6.3
33.7,77.2,8.2,3.5,1,Clay,Flowering,0.0
32.4,51.0,10.6,1.0,5,Sandy,Fruiting,3.6
36.8,72.9,28.2,3.7,14,Loam,Fruiting,6.9
24.4,42.6,12.1,0.5,17,Loam,Fruiting,4.2
25.0,28.3,3.0,3.6,4,Sandy,Fruiting,3.9
24.6,57.5,11.8,4.0,11,Sandy,Vegetative,0.0
33.5,23.4,40.3,0.1,9,Clay,Vegetative,5.2
38.5,50.7,1.9,0.1,16,Loam,Vegetative,5.3
24.8,78.2,25.3,3.0,9,Sandy,Fruiting,7.4
25.0,20.6,3.5,1.2,1,Loam,Fruiting,0.0
30.2,32.0,0.5,6.0,16,Loam,Fruiting,3.9
26.3,36.4,0.5,14.6,25,Sandy,Fruiting,0.4
34.7,53.9,1.7,2.3,17,Loam,Flowering,7.2
12.2,48.4,8.9,2.8,11,Loam,Vegetative,1.7
22.2,80.2,10.0,1.0,14,Sandy,Flowering,4.5
22.5,72.2,9.3,10.3,5,Clay,Fruiting,0.0
11.8,63.9,4.0,2.9,7,Sandy,Flowering,0.0
21.3,57.6,6.5,2.1,13,Sandy,Fruiting,4.6
21.6,62.1,9.8,1.9,18,Sandy,Fruiting,5.7
26.6,39.5,6.1,0.3,15,Loam,Vegetative,2.9
35.8,70.4,4.8,3.4,28,Loam,Fruiting,8.3
26.3,35.0,2.2,0.6,19,Clay,Flowering,4.5
20.8,70.0,3.9,0.6,1,Sandy,Flowering,0.0
27.6,76.4,11.7,3.5,16,Loam,Vegetative,0.7
35.3,58.8,6.3,0.2,17,Loam,Vegetative,9.5
21.2,51.8,1.8,2.2,2,Loam,Vegetative,1.3
21.6,62.2,2.1,2.7,12,Sandy,Flowering,5.0
31.9,10.0,12.5,0.3,26,Clay,Vegetative,3.3
26.4,60.4,18.9,0.9,11,Sandy,Flowering,5.0
32.5,53.0,2.9,4.4,14,Loam,Flowering,1.9
27.9,54.1,4.0,2.5,7,Loam,Flowering,3.3
32.9,67.7,0.0,1.4,3,Sandy,Fruiting,3.4
20.8,53.7,0.9,0.7,10,Clay,Flowering,1.8
27.9,34.5,9.6,2.6,23,Clay,Vegetative,1.5
26.5,52.5,32.1,1.2,29,Loam,Fruiting,6.0
19.5,56.2,7.4,1.8,20,Loam,Fruiting,3.2
17.1,57.1,6.4,3.2,25,Loam,Fruiting,4.1
32.8,57.9,12.0,5.8,19,Loam,Fruiting,1.2
25.5,73.7,2.7,11.8,20,Sandy,Vegetative,0.7
20.8,35.5,6.3,4.2,13,Loam,Fruiting,4.9
27.3,58.2,3.9,3.3,2,Loam,Vegetative,0.0
35.9,78.2,3.8,11.5,12,Loam,Flowering,0.0
12.0,23.8,1.6,1.0,26,Loam,Vegetative,3.3
17.5,58.2,4.7,2.2,16,Sandy,Fruiting,1.6
21.5,44.5,5.8,1.9,23,Clay,Vegetative,1.6
38.2,48.3,15.4,3.1,2,Sandy,Vegetative,0.0
30.0,38.7,24.4,3.4,6,Sandy,Vegetative,0.0
33.4,51.9,0.7,9.4,9,Loam,Fruiting,0.0
20.0,88.1,1.0,0.6,11,Loam,Vegetative,0.0
20.2,32.2,14.2,2.4,29,Sandy,Flowering,4.2
31.1,33.9,6.6,1.4,14,Loam,Vegetative,6.6
28.4,31.6,11.3,0.6,20,Loam,Fruiting,11.4
31.8,86.1,0.8,0.5,19,Sandy,Vegetative,5.2
26.7,46.7,1.4,1.1,13,Clay,Fruiting,6.6
29.9,54.5,6.6,1.3,29,Loam,Vegetative,4.8
29.1,47.7,4.6,6.9,7,Loam,Vegetative,0.0
33.4,38.0,4.9,1.4,2,Sandy,Vegetative,0.0
33.6,50.8,18.1,2.6,22,Loam,Vegetative,7.6
16.7,98.0,10.9,3.2,19,Clay,Flowering,0.0
12.3,80.1,3.9,2.8,8,Sandy,Vegetative,2.8
35.0,39.6,18.1,1.6,26,Sandy,Fruiting,12.6
36.3,66.7,4.7,7.1,5,Sandy,Flowering,0.0
20.9,40.0,11.0,6.4,8,Sandy,Vegetative,0.6
15.0,23.0,10.7,2.4,5,Clay,Flowering,4.7
28.7,73.4,3.6,0.3,6,Loam,Vegetative,6.3
34.5,75.9,8.6,1.7,22,Loam,Vegetative,3.1
40.6,73.8,19.9,1.2,21,Clay,Vegetative,3.9
31.6,46.5,17.9,2.2,19,Clay,Vegetative,3.6
25.4,52.0,7.3,1.8,25,Clay,Vegetative,1.9
21.7,68.5,2.1,2.3,3,Loam,Fruiting,3.3
28.1,62.0,2.5,3.1,18,Loam,Fruiting,5.7
25.9,47.9,12.4,3.3,4,Sandy,Fruiting,0.0
20.9,25.9,6.0,3.2,28,Loam,Vegetative,2.2
42.3,57.0,6.1,4.0,19,Loam,Fruiting,7.6
40.5,74.4,0.4,4.8,23,Sandy,Vegetative,3.6
36.0,33.4,2.4,1.7,17,Loam,Vegetative,5.4
21.6,66.5,8.9,8.1,12,Loam,Fruiting,2.4
34.0,61.0,2.3,9.7,20,Loam,Vegetative,2.0
32.5,68.5,1.3,1.0,25,Sandy,Flowering,5.5
31.1,70.7,3.2,6.9,6,Loam,Fruiting,0.1
36.7,42.5,9.4,3.2,26,Loam,Flowering,5.3
32.4,25.9,9.6,2.8,22,Loam,Flowering,2.5
33.2,45.4,6.4,0.6,3,Loam,Vegetative,2.4
32.5,71.0,5.1,2.7,28,Sandy,Vegetative,7.7
30.4,45.2,16.4,1.7,6,Sandy,Fruiting,3.5
15.5,42.5,14.9,16.0,18,Loam,Vegetative,0.0
28.6,22.2,4.3,5.1,4,Sandy,Vegetative,0.0
24.1,86.5,17.3,2.4,6,Loam,Vegetative,1.8
19.0,69.9,19.1,5.1,19,Clay,Fruiting,0.0
39.8,68.9,8.6,1.9,20,Sandy,Fruiting,7.9
40.1,72.4,4.2,0.3,20,Loam,Flowering,5.3
37.5,65.4,6.1,7.2,10,Loam,Fruiting,5.6
29.8,50.6,2.4,2.7,24,Loam,Vegetative,0.7
37.5,52.1,14.4,1.2,2,Sandy,Fruiting,3.1
28.1,47.3,5.1,3.7,25,Sandy,Vegetative,7.0
29.4,98.0,11.8,6.3,9,Clay,Vegetative,0.0
20.3,65.0,11.8,4.6,18,Sandy,Vegetative,1.1
30.8,46.7,0.5,1.6,27,Loam,Fruiting,8.5
28.4,63.4,15.9,0.3,8,Loam,Fruiting,8.5
18.9,36.8,1.6,6.2,12,Sandy,Flowering,0.0
27.6,82.1,2.6,2.1,25,Loam,Vegetative,1.0
27.4,43.1,6.5,0.1,26,Sandy,Vegetative,6.2
40.6,64.0,6.8,0.6,7,Sandy,Flowering,12.3
34.3,74.2,3.8,0.2,15,Loam,Vegetative,3.5
28.1,61.9,3.8,3.5,10,Clay,Vegetative,0.0
29.7,56.7,11.1,6.7,15,Sandy,Fruiting,4.8
28.3,55.2,5.9,4.0,11,Sandy,Flowering,5.0
26.6,54.0,9.7,0.7,1,Clay,Fruiting,2.1
20.4,44.6,16.7,8.0,27,Sandy,Flowering,0.0
26.9,46.9,4.9,0.6,19,Clay,Vegetative,2.3
22.8,81.6,5.2,5.8,14,Loam,Flowering,0.4
19.2,53.0,3.9,2.6,4,Loam,Vegetative,2.5
31.6,40.9,2.8,0.0,3,Loam,Flowering,3.2
30.7,45.7,14.9,0.7,14,Loam,Fruiting,8.0
15.5,74.8,1.1,0.3,19,Sandy,Vegetative,0.5
27.1,67.2,10.1,2.6,8,Clay,Vegetative,4.9
35.0,65.1,4.3,4.4,22,Clay,Fruiting,4.1
35.4,50.4,4.8,3.4,12,Clay,Flowering,5.8
35.2,65.3,21.7,6.3,1,Loam,Flowering,0.1
28.3,43.4,3.6,3.2,16,Loam,Fruiting,4.8
22.1,50.3,4.1,0.6,6,Loam,Flowering,0.3
20.4,72.5,2.2,3.9,1,Sandy,Vegetative,0.0
30.4,70.7,4.5,2.8,4,Loam,Fruiting,4.9
30.7,37.3,1.8,1.9,9,Loam,Fruiting,5.8
37.0,39.6,6.8,5.9,15,Loam,Vegetative,2.2
35.7,57.0,3.4,13.4,29,Loam,Vegetative,0.0
27.1,86.1,4.8,1.5,7,Loam,Fruiting,2.1
19.3,20.5,19.8,2.2,2,Loam,Flowering,2.5
25.8,60.0,35.1,3.1,6,Loam,Vegetative,5.2
29.5,30.2,1.6,4.1,10,Clay,Flowering,0.7
26.6,43.6,16.4,3.9,6,Loam,Fruiting,4.2
24.0,48.4,0.3,0.3,10,Sandy,Flowering,5.7
29.8,47.4,6.4,0.0,29,Sandy,Vegetative,5.9
24.5,45.4,24.7,3.0,12,Loam,Vegetative,6.0
23.6,55.1,6.8,0.5,19,Loam,Flowering,3.8
30.2,45.4,20.7,1.3,20,Clay,Fruiting,9.2
25.2,28.7,10.4,2.7,4,Sandy,Flowering,3.3
29.7,69.0,5.1,0.5,8,Sandy,Vegetative,4.5
29.9,68.6,7.1,5.1,13,Loam,Fruiting,5.8
20.0,70.2,6.9,2.6,14,Loam,Vegetative,1.6
24.6,27.3,10.7,0.2,1,Clay,Flowering,0.8
38.1,60.4,4.4,0.0,19,Clay,Vegetative,8.0
19.9,67.2,4.8,1.0,9,Loam,Fruiting,6.0
13.2,36.4,32.5,1.2,10,Clay,Fruiting,5.2
15.0,55.2,2.5,2.7,18,Sandy,Fruiting,0.0
28.2,52.9,2.9,0.5,28,Loam,Vegetative,5.1
28.2,88.2,4.4,2.4,26,Clay,Flowering,3.1
27.2,89.6,4.9,2.2,29,Loam,Vegetative,2.1
36.5,25.0,2.0,1.9,12,Clay,Fruiting,7.9
9.3,98.0,2.4,8.0,4,Sandy,Vegetative,0.5
30.8,38.5,0.5,2.4,7,Sandy,Flowering,6.2
38.9,72.7,2.2,0.0,10,Loam,Fruiting,8.0
20.1,72.5,8.7,2.8,9,Clay,Vegetative,3.2
25.3,37.1,4.7,0.3,7,Loam,Vegetative,4.9
22.7,63.9,1.4,1.3,5,Clay,Vegetative,2.2
21.7,53.1,0.2,1.5,6,Sandy,Flowering,4.0
25.7,65.0,3.0,1.4,20,Loam,Fruiting,7.3
38.0,59.2,1.1,0.7,15,Loam,Flowering,9.2
40.9,76.5,0.1,4.3,2,Sandy,Fruiting,0.9
25.6,56.4,10.7,2.6,17,Loam,Vegetative,4.3
41.3,52.0,9.8,1.7,25,Loam,Vegetative,6.4
28.2,74.7,2.1,6.3,13,Loam,Fruiting,5.1
40.3,65.4,1.5,2.3,10,Sandy,Fruiting,11.2
27.3,68.2,8.4,2.2,8,Sandy,Vegetative,1.6
28.9,43.0,4.3,1.2,12,Clay,Fruiting,9.8
30.6,36.2,4.4,2.5,9,Loam,Fruiting,1.2
48.0,44.8,4.3,1.1,27,Clay,Fruiting,11.7
34.0,43.8,9.4,3.2,29,Loam,Flowering,4.1
23.0,69.2,26.9,1.4,10,Clay,Vegetative,6.1
34.8,72.6,5.8,1.8,27,Sandy,Vegetative,5.6
25.5,52.2,27.2,4.3,25,Loam,Flowering,1.7
24.6,80.8,1.5,0.1,3,Loam,Flowering,1.8
34.4,79.6,7.3,0.7,15,Sandy,Vegetative,4.3
28.2,59.4,0.7,2.9,20,Sandy,Vegetative,2.3
30.0,40.2,7.1,0.5,13,Loam,Vegetative,4.1
28.1,83.4,11.0,2.3,14,Clay,Flowering,1.5
30.4,53.9,1.6,4.0,15,Loam,Vegetative,2.1
31.0,57.3,2.3,0.6,20,Sandy,Vegetative,6.2
14.4,48.9,9.9,0.5,9,Clay,Vegetative,0.0
32.7,39.0,2.9,2.9,18,Sandy,Fruiting,4.6
21.1,28.6,0.2,1.1,8,Sandy,Flowering,4.7
17.9,66.4,9.9,0.1,26,Clay,Vegetative,3.5
27.6,40.9,9.4,1.1,3,Loam,Flowering,4.0
28.6,98.0,2.2,1.0,2,Clay,Flowering,2.0
23.1,35.5,21.3,3.0,2,Clay,Flowering,3.1
33.8,32.4,2.6,8.1,11,Loam,Flowering,2.8
18.6,64.2,1.0,1.6,18,Sandy,Flowering,8.6
25.2,82.5,4.0,1.8,29,Loam,Fruiting,10.5
23.9,56.2,0.3,1.2,14,Clay,Vegetative,0.0
27.7,65.3,4.7,0.7,6,Clay,Vegetative,0.0
30.0,21.8,7.6,7.2,11,Loam,Vegetative,0.0
20.9,42.8,25.6,0.9,4,Loam,Flowering,3.9
33.1,35.7,20.2,7.9,14,Sandy,Flowering,3.7
28.4,20.9,6.7,1.2,22,Loam,Fruiting,8.6
14.8,57.1,0.5,18.4,2,Clay,Vegetative,0.0
14.3,14.6,6.1,1.1,23,Sandy,Flowering,2.2
27.9,31.2,9.4,0.6,7,Loam,Vegetative,2.8
26.5,45.3,14.9,11.8,20,Clay,Vegetative,0.0
27.3,40.0,19.6,4.0,24,Loam,Fruiting,6.8
27.8,62.1,4.3,4.2,23,Loam,Vegetative,0.1
29.6,60.5,0.6,10.1,20,Loam,Vegetative,0.0
34.6,71.1,14.4,2.9,21,Sandy,Vegetative,5.9
20.2,68.5,1.5,0.9,6,Sandy,Fruiting,3.3
19.8,75.5,8.3,1.8,4,Sandy,Vegetative,3.2
20.3,55.0,2.3,0.5,12,Sandy,Fruiting,3.5
30.0,60.5,2.1,2.8,18,Sandy,Fruiting,4.2
36.7,64.2,19.2,1.7,18,Loam,Fruiting,9.6
25.0,57.5,6.6,0.4,23,Sandy,Vegetative,5.4
10.5,47.9,14.8,1.7,9,Clay,Fruiting,0.0
16.1,49.0,3.4,0.8,26,Sandy,Vegetative,5.3
22.2,40.3,5.2,4.6,14,Loam,Fruiting,6.0
24.1,62.6,6.2,1.8,8,Clay,Flowering,1.1
25.1,53.3,14.1,3.4,22,Sandy,Vegetative,5.7
28.3,43.1,4.9,2.8,4,Loam,Vegetative,0.0
25.8,43.1,6.3,0.7,12,Clay,Fruiting,7.1
35.3,33.2,6.1,6.4,23,Loam,Fruiting,3.0
23.3,72.6,7.2,0.5,23,Sandy,Flowering,7.3
22.0,56.4,0.8,1.0,8,Loam,Flowering,1.2
31.4,39.5,3.4,0.1,5,Loam,Fruiting,5.7
17.3,69.6,0.3,3.1,1,Loam,Fruiting,0.0
30.7,44.9,0.3,0.5,3,Sandy,Fruiting,4.1
28.7,29.7,26.1,4.2,24,Sandy,Vegetative,7.7
27.0,73.4,0.7,1.3,23,Clay,Flowering,3.2
39.1,45.3,8.1,1.2,15,Loam,Fruiting,13.9
23.6,47.6,3.4,0.2,17,Sandy,Vegetative,3.7
42.4,55.7,1.9,5.9,10,Loam,Vegetative,4.7
26.4,75.6,12.1,11.0,6,Clay,Vegetative,0.0
19.1,55.4,1.4,1.1,1,Sandy,Flowering,0.0
28.5,33.4,15.2,1.2,20,Sandy,Fruiting,8.1
20.5,64.8,3.5,2.7,2,Loam,Vegetative,3.1
22.7,46.3,0.5,2.1,4,Loam,Flowering,1.7
30.8,89.0,2.9,7.9,23,Loam,Vegetative,0.0
31.9,55.0,7.8,2.6,17,Clay,Fruiting,2.3
23.6,14.8,3.2,9.9,15,Sandy,Fruiting,0.0
34.9,61.4,1.4,6.0,7,Loam,Flowering,3.0
36.1,90.0,3.0,1.7,5,Loam,Fruiting,6.0
38.1,83.4,1.3,1.6,14,Loam,Vegetative,3.5
31.7,88.0,15.2,4.2,11,Loam,Fruiting,2.9
37.5,36.6,5.3,5.1,16,Loam,Fruiting,7.5
14.8,71.4,6.6,2.3,5,Loam,Vegetative,0.0
25.8,42.0,22.6,0.0,7,Loam,Fruiting,7.5
21.9,59.0,1.9,3.4,4,Sandy,Vegetative,0.7
28.8,32.1,1.4,5.2,13,Loam,Flowering,1.5
24.0,43.4,1.9,0.5,9,Loam,Vegetative,4.0
26.8,42.8,20.4,4.8,7,Loam,Fruiting,3.1
41.2,71.2,12.0,1.4,16,Sandy,Vegetative,8.3
26.8,69.4,25.7,1.1,15,Clay,Vegetative,0.6
30.9,60.0,0.8,2.4,7,Clay,Flowering,3.7
26.4,30.7,2.2,4.3,21,Clay,Fruiting,4.6
28.5,49.4,1.4,1.5,10,Clay,Vegetative,3.1
28.0,41.6,9.9,1.7,10,Sandy,Flowering,7.1
31.1,70.7,1.7,2.7,14,Loam,Flowering,3.6
36.2,76.2,18.5,9.6,5,Loam,Fruiting,1.8
39.5,74.0,3.2,1.0,13,Clay,Vegetative,4.4
30.2,41.4,16.2,0.6,17,Sandy,Flowering,6.1
32.1,10.0,3.2,2.7,4,Sandy,Fruiting,6.6
19.9,23.2,0.9,1.8,17,Loam,Vegetative,0.0
27.4,80.6,8.9,1.3,2,Sandy,Flowering,2.1
34.6,47.8,2.9,4.3,18,Loam,Fruiting,4.7
34.1,41.5,1.0,2.9,2,Sandy,Vegetative,0.0
29.5,84.6,2.7,0.6,6,Loam,Vegetative,3.2
34.2,77.8,3.2,11.3,11,Clay,Vegetative,0.0
31.4,55.4,41.9,4.6,18,Loam,Fruiting,8.1
36.4,49.7,7.9,0.4,21,Sandy,Fruiting,11.6
30.0,52.6,1.1,4.5,14,Sandy,Flowering,2.5
25.5,59.1,2.6,6.9,4,Sandy,Flowering,2.7
30.4,83.8,5.7,4.2,12,Sandy,Vegetative,2.2
7.5,62.6,2.2,2.2,23,Loam,Vegetative,1.3
30.7,68.1,3.1,0.9,3,Loam,Vegetative,4.6
5.0,76.0,1.5,7.0,21,Sandy,Vegetative,2.8
15.9,33.9,0.7,4.4,12,Sandy,Vegetative,1.2
31.2,68.6,16.6,6.3,1,Clay,Fruiting,0.0
31.3,49.7,2.9,1.6,21,Sandy,Vegetative,2.1
19.9,10.0,6.0,0.4,1,Loam,Vegetative,1.0
23.0,16.7,2.4,1.2,11,Loam,Vegetative,5.2
37.6,36.7,19.2,4.3,6,Sandy,Vegetative,4.4
24.6,64.6,5.1,2.1,17,Clay,Vegetative,0.0
43.7,57.0,0.8,1.7,2,Sandy,Vegetative,3.8
28.0,58.3,5.5,2.2,3,Loam,Vegetative,2.5
30.9,90.1,6.8,8.7,16,Loam,Flowering,0.0
39.3,32.2,0.7,2.0,29,Clay,Fruiting,9.4
28.9,54.5,12.4,5.2,2,Loam,Fruiting,1.3
21.0,60.5,5.2,0.4,14,Loam,Fruiting,3.4
27.2,41.7,1.3,1.7,24,Loam,Flowering,7.1
27.8,55.5,20.1,0.1,9,Loam,Fruiting,4.6
18.4,26.2,10.5,0.4,15,Loam,Flowering,4.1
26.2,80.4,7.4,0.8,25,Loam,Flowering,4.3
22.8,42.7,0.3,2.3,22,Loam,Flowering,1.4
34.5,91.6,24.3,8.7,9,Sandy,Vegetative,0.6
28.2,54.4,3.9,4.3,22,Sandy,Vegetative,4.7
26.0,73.5,3.2,0.0,20,Loam,Vegetative,6.4
27.3,54.0,0.4,0.6,15,Sandy,Fruiting,8.8
29.6,54.4,2.5,7.2,13,Loam,Vegetative,0.0
32.3,44.5,14.6,16.3,27,Sandy,Fruiting,0.0
21.0,57.1,14.3,3.9,26,Loam,Fruiting,3.0
20.7,60.7,0.7,5.4,29,Loam,Flowering,0.0
35.7,40.9,4.0,3.1,20,Loam,Vegetative,2.7
25.1,52.7,9.8,3.8,11,Loam,Flowering,6.1
18.1,44.0,5.2,5.3,4,Sandy,Vegetative,0.2
31.1,96.4,2.0,1.4,4,Sandy,Fruiting,5.0
31.2,53.4,7.6,0.9,28,Loam,Fruiting,9.5
17.3,82.8,5.2,1.2,11,Clay,Fruiting,2.4
29.6,51.5,5.6,6.0,4,Loam,Flowering,5.2
33.1,59.7,1.4,0.8,7,Loam,Fruiting,4.2
30.6,31.2,4.1,8.7,1,Loam,Fruiting,0.0
32.4,47.0,10.9,1.3,16,Loam,Vegetative,2.8
18.2,58.8,5.2,0.2,18,Loam,Vegetative,6.0
30.3,83.5,7.4,7.4,11,Loam,Vegetative,1.6
25.9,59.0,3.5,4.6,22,Sandy,Flowering,1.8
24.6,79.9,12.5,7.1,14,Sandy,Fruiting,0.0
34.1,66.5,0.9,2.0,28,Loam,Flowering,8.0
38.4,84.3,9.4,1.3,23,Loam,Flowering,7.6
40.6,53.9,1.5,5.1,3,Loam,Fruiting,4.2
37.2,98.0,2.3,2.5,8,Loam,Vegetative,2.4
27.2,46.3,17.2,1.4,22,Sandy,Vegetative,6.1
30.5,41.2,4.1,1.9,16,Loam,Fruiting,7.0
33.4,33.2,4.6,1.6,22,Sandy,Fruiting,8.4
28.8,97.0,8.2,0.0,10,Clay,Fruiting,4.8
28.9,69.8,9.3,1.2,2,Sandy,Vegetative,0.0
33.8,49.0,8.0,3.5,23,Loam,Fruiting,7.3
27.6,77.5,6.3,0.0,23,Loam,Fruiting,8.0
22.9,67.4,0.1,1.9,19,Sandy,Fruiting,6.8
25.1,90.4,1.3,2.2,12,Sandy,Vegetative,3.6
32.4,27.1,2.5,0.2,1,Sandy,Flowering,1.6
28.0,50.2,14.4,3.4,22,Loam,Fruiting,8.3
30.4,46.7,20.3,9.4,20,Loam,Fruiting,3.4
32.7,19.5,5.2,7.9,20,Loam,Flowering,4.4
25.4,74.1,3.7,0.6,5,Sandy,Flowering,6.8
33.3,50.1,25.7,0.3,22,Loam,Fruiting,9.9
30.7,68.3,5.6,4.1,22,Sandy,Flowering,5.1
19.4,97.5,9.9,10.4,25,Clay,Flowering,1.5
38.1,48.6,6.6,0.1,17,Loam,Vegetative,4.2
24.5,47.4,3.6,1.2,22,Clay,Vegetative,0.3
16.4,57.1,4.5,0.6,12,Clay,Fruiting,0.3
20.7,72.8,8.3,1.2,21,Loam,Vegetative,2.1
20.9,44.8,18.8,4.0,21,Loam,Vegetative,0.1
28.4,43.6,4.6,0.2,23,Loam,Fruiting,4.4
26.1,74.0,4.2,2.4,25,Clay,Fruiting,3.6
25.6,61.8,0.4,0.3,1,Loam,Vegetative,0.4
32.3,18.2,1.0,0.0,23,Loam,Vegetative,8.2
30.4,32.9,0.1,0.4,23,Clay,Fruiting,10.4
30.2,82.0,1.1,0.1,16,Clay,Flowering,5.6
30.9,62.2,11.9,3.5,16,Clay,Flowering,1.6
32.3,41.3,10.5,1.0,21,Sandy,Flowering,9.8
13.2,51.9,11.9,1.4,14,Sandy,Vegetative,1.8
25.4,55.2,0.2,1.1,13,Loam,Fruiting,4.5
12.7,68.2,8.7,0.9,24,Loam,Vegetative,0.0
28.3,30.6,2.5,6.5,23,Loam,Flowering,0.3
28.0,39.9,5.1,2.1,7,Sandy,Vegetative,2.8
35.3,59.9,17.2,2.1,25,Loam,Vegetative,6.4
36.3,53.2,6.5,2.4,10,Sandy,Vegetative,6.0
29.4,65.3,1.0,0.4,4,Loam,Fruiting,7.7
24.5,32.9,3.9,1.6,26,Clay,Vegetative,3.7
31.4,61.4,24.8,3.0,7,Loam,Vegetative,3.4
24.3,74.6,18.3,3.2,6,Loam,Vegetative,0.1
28.0,63.8,12.4,1.2,8,Sandy,Fruiting,4.7
34.9,57.5,1.1,0.3,15,Sandy,Flowering,7.1
24.1,53.3,1.3,1.6,5,Loam,Fruiting,1.5
33.6,40.0,0.8,6.5,5,Loam,Fruiting,0.0
32.7,53.7,1.1,3.2,12,Sandy,Flowering,3.3
21.3,77.7,0.1,1.2,7,Clay,Fruiting,5.6
34.8,52.9,14.7,13.4,6,Loam,Vegetative,0.7
32.9,39.0,9.5,2.8,27,Clay,Fruiting,4.9
28.7,46.1,12.4,11.9,18,Loam,Fruiting,0.8
22.7,58.6,5.3,1.9,1,Clay,Vegetative,0.0
22.0,48.3,0.0,0.6,3,Sandy,Flowering,3.1
24.2,63.7,4.9,1.0,24,Sandy,Vegetative,6.4
31.8,64.4,0.5,4.9,8,Clay,Flowering,0.5
21.3,71.0,15.4,2.5,5,Clay,Fruiting,0.0
31.1,80.6,0.3,0.5,20,Loam,Fruiting,5.6
19.3,72.9,3.0,6.5,25,Sandy,Vegetative,2.6
26.6,38.2,14.5,0.9,12,Loam,Fruiting,7.2
28.8,38.7,12.2,5.6,22,Loam,Fruiting,0.9
45.1,53.6,13.7,0.1,13,Clay,Vegetative,11.6
18.4,46.9,8.0,3.9,4,Loam,Flowering,0.0
38.3,34.5,1.8,0.1,24,Sandy,Fruiting,11.8
29.0,47.0,12.2,2.9,27,Loam,Fruiting,3.7
30.9,46.5,15.8,1.4,29,Loam,Fruiting,5.8
28.8,42.9,16.0,7.3,3,Loam,Vegetative,0.0
31.1,49.3,12.9,1.7,17,Loam,Vegetative,5.5
26.9,76.2,8.6,7.2,19,Clay,Vegetative,2.6
38.2,58.6,18.2,2.1,3,Sandy,Vegetative,2.1
24.8,98.0,12.7,0.2,28,Loam,Flowering,2.7
35.9,58.1,0.6,0.8,3,Loam,Fruiting,5.0
23.5,49.8,2.8,1.8,8,Loam,Flowering,3.9
27.6,55.1,3.4,8.6,29,Clay,Fruiting,0.5
20.5,59.6,15.9,0.8,17,Loam,Vegetative,3.5
31.2,62.8,6.6,6.0,20,Loam,Vegetative,0.0
38.1,92.4,0.4,3.4,15,Sandy,Fruiting,7.2
27.5,39.8,0.9,5.2,22,Loam,Fruiting,2.5
26.6,70.5,3.0,2.1,3,Sandy,Vegetative,3.0
20.2,58.7,2.0,0.8,20,Sandy,Fruiting,9.7
26.4,26.7,1.4,1.0,2,Loam,Flowering,1.9
16.9,68.9,2.5,2.3,6,Loam,Vegetative,0.2
21.6,77.8,8.6,4.9,15,Clay,Flowering,0.5
29.6,39.6,9.8,2.8,14,Loam,Fruiting,4.5
37.2,54.8,20.8,7.4,5,Clay,Vegetative,1.5
47.7,23.9,6.4,0.0,24,Loam,Fruiting,15.2
23.9,32.3,3.2,0.3,9,Loam,Flowering,3.8
38.0,73.9,4.3,2.0,26,Clay,Flowering,6.9
29.7,46.6,0.3,0.9,1,Loam,Fruiting,1.0
26.9,35.0,3.1,4.0,7,Clay,Flowering,0.0
31.0,59.1,1.7,1.6,9,Loam,Flowering,5.2
28.4,45.6,1.0,5.6,18,Sandy,Vegetative,1.6
28.8,46.5,3.8,4.2,12,Loam,Vegetative,3.2
25.1,68.3,1.1,7.6,5,Sandy,Vegetative,1.7
18.2,34.1,0.6,0.4,17,Sandy,Vegetative,3.2
17.2,38.7,7.5,1.5,28,Sandy,Flowering,2.8
32.6,57.8,11.5,0.5,4,Sandy,Vegetative,3.9
26.1,72.4,4.6,3.6,8,Loam,Vegetative,1.3
23.8,77.3,0.0,0.6,14,Clay,Flowering,4.2
28.1,43.0,3.6,2.1,22,Loam,Vegetative,3.6
33.6,71.9,0.4,3.9,4,Clay,Flowering,0.2
29.3,40.9,8.7,2.4,7,Loam,Fruiting,6.8
23.4,87.9,15.8,3.1,7,Sandy,Vegetative,0.0
36.6,34.6,6.7,0.2,18,Sandy,Vegetative,12.8
39.1,78.9,2.0,1.9,3,Clay,Flowering,3.4
31.5,43.2,20.6,1.2,20,Loam,Vegetative,3.0
34.8,91.2,8.5,1.2,13,Clay,Flowering,5.1
36.7,65.6,0.6,2.9,10,Loam,Fruiting,7.3
35.9,36.7,1.7,4.1,26,Loam,Flowering,4.2
32.3,45.6,10.1,1.0,24,Loam,Flowering,3.8
32.2,69.1,1.7,3.8,24,Clay,Fruiting,1.3
31.6,73.9,5.5,4.2,26,Sandy,Vegetative,3.7
20.3,53.7,3.7,0.4,7,Clay,Fruiting,0.0
32.9,55.8,2.7,9.3,25,Loam,Fruiting,0.0
18.5,68.7,1.0,4.9,6,Clay,Flowering,1.1
22.4,57.4,9.3,7.3,10,Loam,Vegetative,0.0
37.1,31.7,7.6,1.8,17,Loam,Vegetative,4.0
33.9,40.4,16.2,0.9,22,Loam,Fruiting,8.4
38.4,59.2,2.2,0.1,17,Clay,Vegetative,2.2
26.1,76.9,0.4,5.1,17,Sandy,Fruiting,3.8
19.9,84.1,18.3,10.8,11,Loam,Flowering,0.0
26.3,69.0,7.3,2.6,18,Loam,Flowering,2.3
28.7,60.2,0.0,1.8,14,Loam,Flowering,4.9
28.6,68.5,35.3,3.1,14,Loam,Vegetative,2.6
35.9,43.0,16.7,0.3,17,Loam,Flowering,7.4
25.5,52.2,3.4,0.7,18,Loam,Fruiting,1.8
30.5,40.2,7.2,2.4,10,Loam,Vegetative,3.8
21.1,32.5,2.5,2.0,4,Loam,Fruiting,2.1
31.2,61.0,2.2,8.2,9,Loam,Fruiting,0.0
28.0,58.3,4.3,2.2,12,Clay,Vegetative,0.0
22.8,67.4,2.7,1.2,5,Loam,Flowering,2.4
26.3,64.8,3.0,1.4,6,Sandy,Vegetative,3.7
26.7,59.4,0.6,2.8,28,Loam,Flowering,3.4
26.1,65.0,38.8,0.4,9,Sandy,Fruiting,12.0
40.4,54.2,7.9,1.1,22,Sandy,Fruiting,13.6
27.3,62.4,0.9,0.9,4,Loam,Fruiting,3.1
26.3,41.9,1.1,7.6,29,Loam,Vegetative,1.5
13.3,61.7,10.5,1.1,7,Loam,Flowering,1.8
21.7,67.0,45.0,0.9,12,Clay,Vegetative,3.2
26.2,42.9,5.4,0.5,23,Sandy,Fruiting,10.5
23.2,55.9,1.8,1.7,6,Sandy,Vegetative,0.3
37.7,43.8,36.2,0.1,16,Sandy,Vegetative,10.1
26.8,45.5,8.1,2.9,23,Sandy,Vegetative,5.7
37.0,34.8,2.3,3.2,1,Loam,Vegetative,0.6
28.4,77.8,6.1,0.3,1,Loam,Vegetative,0.0
28.3,74.2,5.7,0.1,23,Loam,Vegetative,0.9
27.4,64.7,9.9,1.2,8,Sandy,Fruiting,1.8
28.0,90.5,7.6,9.9,27,Loam,Fruiting,4.2
40.0,51.6,21.9,5.9,27,Sandy,Vegetative,5.5
11.8,98.0,13.1,4.0,26,Loam,Fruiting,0.0
14.0,50.9,3.5,5.0,29,Loam,Flowering,0.7
24.2,59.6,20.4,6.0,24,Sandy,Fruiting,1.6
28.1,47.8,2.6,1.1,12,Clay,Vegetative,2.2
32.8,61.7,4.2,1.8,29,Loam,Flowering,3.6
31.3,70.0,0.4,3.6,11,Loam,Vegetative,0.0
25.3,52.9,10.6,0.9,18,Loam,Vegetative,0.0
35.1,87.0,7.0,7.1,1,Loam,Flowering,0.0
35.2,59.3,10.8,2.8,28,Sandy,Fruiting,11.1
29.3,59.9,26.7,2.5,18,Sandy,Fruiting,6.5
34.7,38.6,4.0,1.3,28,Loam,Vegetative,6.1
29.9,62.5,11.3,0.3,11,Clay,Flowering,7.0
24.1,52.6,8.6,3.3,10,Loam,Fruiting,3.2
32.9,44.1,17.9,3.7,16,Loam,Vegetative,2.7
28.8,41.0,23.3,6.7,26,Loam,Vegetative,0.8
28.0,98.0,17.2,2.5,16,Loam,Vegetative,1.5
38.3,50.3,5.3,3.1,23,Sandy,Vegetative,7.8
10.8,28.8,1.8,3.6,7,Loam,Vegetative,3.8
18.1,42.4,0.9,2.6,23,Clay,Vegetative,3.4
19.7,54.1,2.6,1.3,22,Clay,Flowering,0.0
25.5,64.8,4.1,2.4,26,Clay,Fruiting,2.5
26.2,65.0,21.9,0.6,2,Sandy,Fruiting,3.0
17.4,67.2,3.7,0.6,12,Loam,Fruiting,4.5
21.1,43.4,0.2,8.5,3,Loam,Vegetative,0.0
22.0,61.1,3.4,0.6,12,Sandy,Fruiting,2.1
45.2,39.2,3.8,1.8,23,Sandy,Fruiting,16.2
40.6,43.8,2.3,1.8,19,Loam,Flowering,6.5
25.1,38.5,6.4,2.3,22,Loam,Vegetative,0.0
25.5,33.6,4.2,10.8,22,Loam,Flowering,0.0
20.0,74.2,0.6,0.9,29,Sandy,Flowering,4.8
14.6,67.4,5.2,0.1,26,Loam,Fruiting,2.0
27.2,72.6,11.8,1.3,18,Sandy,Fruiting,7.6
21.0,55.7,8.7,1.3,26,Sandy,Fruiting,3.6
27.4,69.0,0.6,0.4,2,Loam,Fruiting,0.0
16.8,23.3,20.6,0.1,21,Loam,Flowering,7.5
22.7,70.5,6.6,1.0,16,Clay,Fruiting,4.6
29.0,58.2,5.3,2.6,28,Loam,Fruiting,4.6
30.6,66.3,2.1,0.1,15,Sandy,Vegetative,4.5
30.9,61.8,14.3,1.5,6,Sandy,Flowering,8.4
18.8,37.2,9.8,1.7,21,Loam,Vegetative,3.2
34.0,28.0,0.3,6.3,28,Sandy,Vegetative,4.3
22.4,42.2,0.9,6.8,1,Sandy,Vegetative,0.0
32.4,65.2,0.4,4.3,2,Loam,Flowering,0.1
27.9,67.4,6.3,1.4,20,Sandy,Vegetative,5.0
18.4,30.4,45.0,0.8,17,Loam,Vegetative,2.8
25.8,37.3,20.6,1.2,16,Loam,Vegetative,4.0
30.6,42.0,7.1,1.7,3,Sandy,Fruiting,2.7
32.3,48.6,30.3,3.6,17,Loam,Fruiting,8.2
27.0,30.5,4.6,2.6,17,Loam,Fruiting,2.6
38.7,29.4,2.7,0.1,25,Loam,Flowering,10.2
35.1,40.2,5.5,2.4,12,Sandy,Vegetative,5.8
26.2,56.6,2.2,4.8,11,Loam,Fruiting,1.8
33.3,33.7,2.8,7.3,3,Sandy,Vegetative,0.9
41.5,52.9,6.0,0.2,17,Loam,Fruiting,10.1
41.7,74.1,8.0,15.9,19,Sandy,Fruiting,0.0
19.4,31.6,14.2,2.3,9,Clay,Flowering,3.0
21.5,51.3,4.5,0.2,22,Sandy,Vegetative,5.3
38.4,73.4,10.5,3.9,28,Clay,Vegetative,1.3
20.6,47.5,0.3,6.0,6,Clay,Flowering,0.0
18.7,44.7,2.0,1.1,17,Loam,Flowering,2.8
24.6,75.9,1.5,0.8,21,Loam,Fruiting,3.8
30.9,49.5,7.3,1.3,1,Loam,Flowering,3.6
27.3,74.9,1.1,2.9,6,Clay,Flowering,1.8
23.4,62.7,35.6,1.0,12,Loam,Vegetative,3.8
23.3,48.8,6.5,0.3,4,Loam,Flowering,1.1
23.0,63.6,15.4,1.4,11,Sandy,Vegetative,4.9
21.8,60.8,0.7,1.0,5,Clay,Fruiting,1.2
44.0,73.4,7.8,2.4,27,Sandy,Flowering,8.2
30.1,45.1,11.8,5.0,18,Sandy,Fruiting,7.5
34.2,55.7,7.2,1.6,10,Sandy,Flowering,7.9
24.6,53.9,6.1,6.9,23,Loam,Vegetative,0.0
26.7,67.7,10.4,3.2,1,Clay,Fruiting,0.0
23.0,36.5,24.6,1.9,18,Loam,Fruiting,6.0
9.4,73.3,7.5,3.6,20,Sandy,Fruiting,0.0
18.4,63.4,15.2,5.1,24,Loam,Flowering,0.5
15.3,31.3,3.6,3.1,7,Loam,Fruiting,0.0
12.3,76.7,4.5,0.3,18,Loam,Vegetative,0.0
19.6,95.2,7.6,0.1,23,Sandy,Flowering,2.5
37.3,73.0,1.4,4.8,24,Loam,Fruiting,5.5
27.7,80.7,1.4,0.3,6,Loam,Vegetative,0.0
37.0,56.5,45.0,2.3,29,Clay,Fruiting,7.7
30.9,25.1,18.4,0.3,8,Loam,Vegetative,1.4
33.5,21.8,22.8,7.3,12,Sandy,Vegetative,1.9
21.7,59.6,15.9,1.2,6,Loam,Vegetative,6.0
31.7,44.3,13.1,3.0,5,Sandy,Fruiting,4.9
33.1,38.5,19.5,0.9,8,Clay,Fruiting,6.6
24.0,53.9,8.3,2.2,4,Loam,Vegetative,2.5
31.9,66.1,3.2,0.1,22,Sandy,Vegetative,6.0
32.0,28.9,16.7,0.9,18,Loam,Vegetative,5.2
24.2,46.9,8.7,4.1,12,Sandy,Vegetative,3.4
20.1,82.2,2.1,1.4,16,Sandy,Fruiting,5.1
19.7,35.6,27.6,1.9,18,Loam,Vegetative,3.3
28.6,70.7,11.2,4.0,6,Loam,Vegetative,0.2
30.3,46.3,2.6,0.9,9,Clay,Vegetative,2.5
22.5,64.8,5.9,0.2,26,Loam,Flowering,6.4
28.2,74.8,8.2,1.4,1,Sandy,Fruiting,0.0
32.0,68.3,5.0,3.1,28,Loam,Fruiting,7.8
32.3,71.4,14.3,2.5,28,Loam,Flowering,3.1
38.9,34.3,7.4,4.9,8,Sandy,Fruiting,10.4
36.9,75.0,3.9,8.8,10,Clay,Flowering,0.9
21.0,39.7,8.8,5.5,6,Clay,Fruiting,0.0
39.8,59.7,17.6,0.7,17,Sandy,Flowering,12.0
24.3,59.6,0.7,4.4,7,Loam,Vegetative,0.0
35.3,63.7,1.8,3.1,23,Loam,Fruiting,6.1
28.5,61.1,10.0,2.1,12,Sandy,Flowering,4.6
25.1,39.8,13.3,0.9,29,Loam,Fruiting,6.2
15.3,30.7,3.8,4.1,25,Sandy,Vegetative,1.9
26.8,70.7,2.1,1.4,12,Sandy,Flowering,6.0
17.1,58.3,38.7,0.0,18,Clay,Fruiting,2.6
34.8,75.7,3.4,3.6,1,Loam,Vegetative,0.0
38.6,54.2,1.3,1.0,2,Sandy,Vegetative,2.8
22.4,29.7,8.6,5.6,15,Loam,Vegetative,0.7
30.1,72.4,7.9,5.9,14,Clay,Flowering,0.0
22.9,48.3,1.2,0.4,12,Loam,Fruiting,8.3
23.6,61.2,7.7,4.9,3,Clay,Flowering,1.6
33.4,43.3,0.4,1.3,25,Clay,Fruiting,5.0
27.7,84.6,7.9,1.0,12,Loam,Flowering,3.0
40.2,39.2,2.7,1.8,14,Loam,Vegetative,4.9
24.6,48.9,3.5,0.8,12,Loam,Vegetative,2.6
35.0,56.9,3.1,1.0,15,Loam,Vegetative,7.3
28.7,35.3,6.1,2.5,19,Loam,Fruiting,7.8
33.6,60.9,11.9,1.7,23,Sandy,Vegetative,5.7
24.9,84.0,7.0,6.0,16,Sandy,Vegetative,1.4
27.7,46.2,2.4,3.0,5,Loam,Fruiting,4.3
27.2,62.1,1.3,4.6,26,Loam,Flowering,2.0
22.1,10.0,12.5,1.3,9,Loam,Vegetative,3.8
32.6,54.3,4.3,4.1,1,Loam,Fruiting,1.2
32.6,49.4,7.3,4.2,2,Sandy,Flowering,1.1
32.2,40.3,3.9,5.8,23,Sandy,Fruiting,4.1
38.8,74.5,2.2,1.1,12,Loam,Fruiting,6.5
38.1,49.1,1.5,0.2,1,Loam,Vegetative,0.7
25.4,51.8,2.0,2.2,24,Loam,Vegetative,1.0
30.6,48.2,0.5,0.1,9,Sandy,Vegetative,2.3
23.6,20.5,17.7,7.6,29,Loam,Fruiting,2.8
28.2,34.6,1.4,0.2,26,Clay,Flowering,5.9
23.8,72.3,5.9,2.0,2,Sandy,Fruiting,0.0
39.3,17.0,3.3,4.9,21,Sandy,Flowering,7.2
30.5,41.2,12.2,1.2,18,Loam,Vegetative,4.2
26.5,47.8,10.3,4.3,5,Loam,Vegetative,0.4
36.4,86.4,0.0,3.3,10,Clay,Vegetative,0.0
12.8,68.8,2.4,0.4,15,Clay,Flowering,0.0
13.9,45.0,10.5,3.4,5,Loam,Flowering,1.0
33.6,78.5,5.5,1.6,21,Sandy,Fruiting,5.1
28.4,41.7,28.8,1.2,9,Loam,Vegetative,4.0
29.8,73.2,25.4,3.2,28,Clay,Fruiting,4.0
18.7,30.5,8.9,6.3,24,Loam,Vegetative,0.0
27.8,74.3,1.3,5.8,19,Clay,Fruiting,1.2
42.0,47.7,7.4,4.3,4,Loam,Vegetative,4.6
33.8,36.5,8.9,3.0,1,Sandy,Fruiting,0.0
29.2,51.1,12.8,3.2,5,Loam,Vegetative,2.9
24.9,60.0,18.0,3.5,15,Loam,Vegetative,0.0
25.2,46.1,0.7,2.1,23,Sandy,Flowering,7.6
13.1,65.0,29.7,3.2,5,Loam,Vegetative,0.0
29.8,44.5,1.3,0.4,21,Loam,Flowering,11.0
33.9,66.2,1.2,5.1,2,Sandy,Vegetative,0.0
17.0,63.0,2.2,0.8,8,Loam,Fruiting,5.5
23.4,53.9,13.0,1.5,18,Loam,Vegetative,5.1
19.9,47.1,2.2,9.1,25,Loam,Flowering,0.0
21.2,57.7,10.9,2.7,23,Loam,Fruiting,2.7
28.4,64.9,12.6,0.6,16,Clay,Fruiting,4.1
13.4,92.1,2.4,0.0,2,Clay,Vegetative,2.2
32.3,71.9,6.8,0.4,9,Loam,Flowering,4.9
33.3,72.6,4.3,0.5,23,Sandy,Vegetative,4.1
26.2,98.0,24.4,2.0,3,Loam,Flowering,2.5
10.6,64.3,5.2,2.2,21,Sandy,Flowering,0.0
21.0,63.7,0.0,1.4,21,Clay,Fruiting,2.4
36.6,67.7,5.9,1.6,22,Loam,Fruiting,8.0
8.6,36.8,7.2,8.3,7,Loam,Vegetative,0.0
25.6,47.0,3.5,3.2,8,Loam,Vegetative,0.1
19.7,45.9,21.6,2.0,6,Loam,Vegetative,4.5
33.6,66.7,14.5,1.0,12,Clay,Flowering,5.0
23.3,51.9,4.0,0.5,16,Sandy,Vegetative,3.4
30.8,57.5,2.8,0.5,4,Clay,Flowering,2.7
32.0,74.6,2.6,3.1,17,Sandy,Flowering,5.9
40.9,70.5,1.8,0.3,7,Loam,Fruiting,5.9
26.6,52.1,18.8,2.8,17,Clay,Flowering,4.1
30.6,42.9,3.6,5.7,9,Loam,Vegetative,0.6
17.6,75.4,0.9,1.2,28,Sandy,Vegetative,0.0
36.3,68.9,10.3,19.0,10,Clay,Flowering,3.6
22.7,26.1,0.7,1.2,26,Clay,Vegetative,5.3
24.1,49.4,22.2,1.5,6,Loam,Vegetative,0.9
27.8,58.0,0.4,13.7,3,Loam,Vegetative,0.0
17.1,69.0,4.1,1.4,6,Clay,Fruiting,2.1
29.6,71.4,5.0,1.6,13,Sandy,Fruiting,4.0
34.8,60.1,7.2,4.4,27,Loam,Vegetative,5.1
30.1,65.5,0.7,5.2,6,Loam,Vegetative,0.0
16.9,56.2,12.0,3.8,23,Sandy,Flowering,4.9
27.1,42.9,3.3,2.4,21,Clay,Vegetative,0.3
33.2,50.3,9.6,0.6,10,Loam,Fruiting,7.6
14.9,55.3,4.1,0.4,10,Clay,Flowering,4.8
20.5,54.4,6.3,0.1,28,Loam,Fruiting,4.6
34.1,21.1,17.4,2.7,21,Loam,Fruiting,9.3
29.9,47.8,0.0,4.5,7,Loam,Flowering,3.8
30.9,56.0,0.7,2.6,27,Loam,Vegetative,1.7
41.0,49.9,15.6,0.3,12,Clay,Flowering,5.5
31.3,50.6,26.4,0.7,3,Loam,Flowering,0.9
32.6,63.8,17.1,1.3,24,Loam,Flowering,7.8
47.0,35.6,18.8,0.3,26,Loam,Fruiting,15.7
26.5,25.7,3.1,1.6,13,Sandy,Vegetative,6.3
22.4,48.7,28.7,3.5,21,Sandy,Flowering,3.9
31.0,68.8,7.1,6.2,7,Loam,Vegetative,0.0
31.1,85.4,1.5,7.1,25,Loam,Vegetative,0.0
24.3,69.1,1.0,6.8,11,Loam,Flowering,5.7
20.8,28.6,2.3,0.3,8,Loam,Fruiting,5.7
44.2,50.8,9.9,8.6,15,Loam,Flowering,3.8
30.3,59.6,22.8,3.3,8,Loam,Vegetative,2.9
22.9,58.2,3.6,10.3,18,Loam,Vegetative,0.0
34.4,64.7,9.7,0.3,22,Clay,Flowering,4.6
27.2,38.5,4.7,0.5,12,Sandy,Flowering,10.2
26.2,56.2,0.2,12.9,23,Loam,Fruiting,1.3
31.9,62.6,1.6,3.2,13,Sandy,Flowering,3.5
19.0,69.9,1.1,4.2,29,Clay,Fruiting,0.0
30.5,40.5,7.5,5.1,8,Loam,Fruiting,2.1
41.4,48.8,0.2,0.4,21,Loam,Vegetative,5.9
31.3,10.0,3.9,0.8,16,Clay,Flowering,9.9
25.4,43.8,25.5,0.0,28,Loam,Fruiting,7.6
24.5,45.6,1.1,12.8,7,Sandy,Fruiting,0.0
25.1,36.6,1.8,1.6,6,Loam,Flowering,2.9
26.2,58.0,2.3,0.1,26,Sandy,Flowering,6.9
25.4,54.0,8.1,0.0,27,Clay,Vegetative,1.1
34.4,14.3,9.0,0.8,22,Loam,Fruiting,10.6
15.9,58.9,1.8,0.7,14,Loam,Fruiting,5.7
34.0,38.3,3.8,6.8,12,Clay,Fruiting,2.2
25.3,63.7,3.6,0.2,20,Loam,Vegetative,2.2
30.6,31.9,1.4,3.0,22,Loam,Vegetative,1.8
20.1,55.5,1.6,1.3,9,Sandy,Fruiting,0.9
37.3,49.9,18.4,0.2,1,Loam,Flowering,1.6
36.7,60.5,0.9,0.8,3,Clay,Fruiting,4.0
34.7,57.2,3.7,6.4,10,Clay,Vegetative,0.0
17.4,50.4,0.9,0.6,20,Loam,Fruiting,7.7
33.8,27.3,5.8,1.9,13,Sandy,Fruiting,11.1
30.8,28.4,9.3,6.6,18,Sandy,Vegetative,0.0
16.8,44.5,4.8,1.7,14,Clay,Vegetative,0.0
27.8,54.9,2.6,14.2,8,Sandy,Fruiting,0.0
30.6,44.1,8.5,3.3,22,Loam,Vegetative,5.9
31.9,66.3,2.3,1.8,21,Loam,Fruiting,8.0
29.2,50.0,14.4,4.9,28,Loam,Flowering,6.3
30.0,37.6,2.5,1.9,24,Loam,Flowering,5.2
38.3,50.0,2.1,1.9,12,Clay,Vegetative,3.3
36.6,59.1,21.4,2.5,21,Loam,Fruiting,6.3
7.9,60.8,22.4,1.2,11,Loam,Fruiting,2.4
25.8,88.8,2.5,2.2,26,Loam,Fruiting,3.5
26.8,43.0,20.9,4.3,18,Clay,Fruiting,3.0
15.7,53.7,22.1,4.0,25,Loam,Flowering,4.1
28.7,62.7,2.8,0.1,9,Loam,Fruiting,5.9
36.7,54.6,16.6,1.7,1,Loam,Flowering,3.3
20.4,46.0,45.0,0.7,5,Sandy,Flowering,1.6
30.4,27.1,0.2,0.8,16,Sandy,Vegetative,10.9
21.6,45.8,13.7,1.7,28,Clay,Vegetative,1.3
23.3,35.7,0.0,3.7,19,Loam,Fruiting,4.4
38.3,23.9,18.3,0.8,24,Sandy,Vegetative,10.8
24.2,40.7,1.4,0.8,14,Sandy,Fruiting,5.6
31.2,36.2,13.5,4.9,28,Clay,Fruiting,5.5
14.9,65.5,1.9,0.8,28,Loam,Flowering,4.3
41.0,65.8,3.2,1.2,7,Loam,Vegetative,3.1
32.2,38.7,3.0,1.0,26,Sandy,Fruiting,8.1
26.7,50.3,3.4,0.5,1,Clay,Vegetative,0.5
32.0,21.6,16.8,4.5,18,Clay,Fruiting,4.7
18.1,46.1,4.0,13.1,13,Loam,Flowering,2.8
36.3,62.2,5.0,0.3,9,Loam,Flowering,8.1
25.7,69.8,0.5,1.2,28,Loam,Flowering,3.9
26.6,42.2,5.0,1.1,20,Clay,Flowering,5.4
24.6,73.9,2.3,0.6,5,Loam,Vegetative,0.0
23.9,27.7,3.2,2.2,5,Clay,Vegetative,0.0
32.9,32.5,9.9,6.8,4,Loam,Flowering,0.6
29.8,67.8,2.8,0.2,9,Loam,Fruiting,8.5
32.6,85.1,3.6,6.0,2,Loam,Vegetative,0.4
27.9,63.9,8.3,1.2,8,Clay,Vegetative,5.4
31.6,54.3,3.2,6.7,23,Sandy,Vegetative,2.5
25.1,15.5,9.2,1.4,26,Sandy,Flowering,5.5
43.6,18.6,1.6,0.9,23,Loam,Vegetative,7.2
17.0,57.3,0.7,0.1,15,Loam,Fruiting,4.8
36.8,48.6,2.4,0.0,21,Clay,Vegetative,4.3
37.6,35.1,6.7,3.9,28,Sandy,Fruiting,12.7
22.0,56.2,2.0,7.0,2,Loam,Vegetative,0.0
43.6,57.1,40.8,1.8,27,Sandy,Flowering,14.9
35.0,72.0,8.7,2.7,21,Loam,Vegetative,5.0
34.8,57.5,3.5,0.1,12,Loam,Fruiting,7.6
28.2,77.1,39.9,4.8,14,Loam,Fruiting,3.6
26.5,55.1,3.7,2.0,13,Loam,Vegetative,2.4
26.5,52.9,0.1,8.1,5,Sandy,Fruiting,1.6
30.7,74.2,5.2,2.9,7,Loam,Vegetative,0.6
37.8,37.4,10.0,1.8,9,Clay,Flowering,3.5
29.3,98.0,2.7,0.0,1,Loam,Fruiting,3.7
21.6,61.8,0.9,5.8,15,Sandy,Vegetative,0.8
33.8,61.9,23.3,3.1,14,Loam,Flowering,7.7
34.4,64.5,4.4,3.0,10,Sandy,Vegetative,5.2
32.6,88.8,10.6,6.6,6,Sandy,Fruiting,6.3
33.2,69.3,15.1,0.6,29,Sandy,Flowering,10.8
26.1,26.1,6.9,5.2,20,Sandy,Fruiting,3.2
21.5,80.3,6.2,0.3,14,Sandy,Vegetative,4.5
21.9,48.9,5.5,0.2,21,Loam,Fruiting,4.4
16.6,56.9,23.1,7.0,11,Sandy,Vegetative,0.0
29.7,32.0,3.1,8.1,7,Loam,Flowering,0.0
27.4,64.5,11.5,0.4,20,Clay,Vegetative,3.0
24.9,43.3,6.5,0.9,23,Loam,Vegetative,4.7
7.3,56.8,0.9,1.3,19,Loam,Vegetative,0.3
19.3,49.9,9.9,5.9,17,Loam,Fruiting,0.0
35.8,89.7,14.7,5.4,1,Sandy,Vegetative,0.0
23.3,90.7,3.8,1.1,19,Loam,Flowering,7.7
30.5,55.8,8.1,4.4,18,Loam,Fruiting,5.0
18.3,56.2,4.6,0.1,12,Clay,Vegetative,0.7
38.1,48.3,0.2,0.8,8,Clay,Vegetative,4.9
27.0,74.9,3.8,2.2,29,Clay,Vegetative,6.1
30.0,49.1,4.4,1.9,11,Loam,Vegetative,4.4
44.3,47.4,45.0,1.6,8,Loam,Flowering,5.4
38.6,72.6,8.4,0.4,21,Clay,Fruiting,13.2
25.9,45.3,1.7,4.9,14,Clay,Vegetative,0.0
23.8,54.3,4.7,0.7,17,Loam,Vegetative,2.9
25.7,26.5,1.0,4.8,19,Clay,Flowering,0.0
31.6,67.7,17.3,4.1,11,Clay,Vegetative,0.0
27.3,89.9,17.6,1.5,5,Loam,Flowering,3.5
25.2,68.0,12.8,2.1,5,Sandy,Fruiting,0.0
38.3,81.3,2.9,1.8,28,Sandy,Vegetative,5.3
27.2,39.8,0.4,14.3,15,Loam,Flowering,2.3
44.1,59.3,3.5,1.7,13,Sandy,Fruiting,10.1
28.6,38.0,18.3,7.0,10,Loam,Fruiting,0.0
40.5,50.9,15.9,4.7,21,Loam,Fruiting,7.8
30.5,68.9,1.3,3.3,27,Clay,Fruiting,2.8
34.7,56.8,8.3,0.1,23,Clay,Flowering,5.3
22.9,29.6,4.6,1.6,16,Loam,Flowering,1.6
22.0,31.3,8.5,7.4,14,Loam,Fruiting,1.2
31.2,30.1,8.8,4.1,26,Sandy,Fruiting,8.6
34.9,63.8,0.8,6.4,25,Loam,Fruiting,1.1
28.3,92.2,4.0,1.4,12,Sandy,Vegetative,1.6
19.0,79.5,1.8,0.1,28,Loam,Fruiting,4.6
18.5,20.9,6.0,5.7,24,Clay,Vegetative,0.0
18.0,80.6,1.3,2.1,25,Loam,Vegetative,1.3
15.6,71.9,2.9,0.9,2,Loam,Vegetative,3.2
28.8,27.2,3.6,1.8,4,Loam,Vegetative,1.7
35.9,49.5,4.3,1.2,9,Clay,Fruiting,3.7
27.9,74.7,12.9,0.7,23,Loam,Vegetative,4.8
12.2,64.9,0.1,1.7,3,Loam,Fruiting,0.0
26.7,31.4,17.9,0.6,3,Sandy,Flowering,3.6
26.9,66.0,5.8,9.0,1,Loam,Vegetative,1.0
42.7,16.5,7.6,0.5,6,Sandy,Vegetative,8.9
17.8,51.0,1.1,2.7,27,Loam,Flowering,1.7
25.3,75.5,7.3,5.7,21,Loam,Fruiting,1.4
39.9,55.3,4.0,4.2,21,Sandy,Vegetative,8.8
31.1,46.0,1.2,1.5,9,Loam,Vegetative,5.8
31.9,71.0,7.8,3.9,19,Sandy,Vegetative,4.7
28.8,72.5,1.2,1.5,23,Sandy,Vegetative,4.2
30.3,78.6,1.3,1.2,16,Sandy,Vegetative,2.3
33.4,70.7,29.3,1.0,25,Sandy,Fruiting,13.4
22.3,74.5,5.8,0.5,17,Clay,Vegetative,2.8
34.1,68.2,13.1,2.3,10,Clay,Vegetative,1.6
18.4,59.8,0.6,2.8,19,Loam,Fruiting,1.7
30.3,56.6,4.1,1.8,28,Loam,Fruiting,4.2
29.3,50.7,1.0,0.8,24,Loam,Flowering,7.6
23.7,33.2,1.6,0.7,15,Clay,Flowering,5.2
27.8,37.8,11.7,0.0,18,Loam,Fruiting,8.2
23.6,49.9,3.8,3.2,29,Sandy,Vegetative,2.1
20.5,59.3,43.3,8.7,22,Loam,Vegetative,0.0
25.5,80.9,0.7,3.6,15,Clay,Fruiting,0.0
20.3,54.2,4.2,5.4,9,Sandy,Fruiting,0.0
30.3,73.1,2.5,1.0,27,Loam,Fruiting,4.8
19.9,74.4,2.2,3.0,29,Loam,Vegetative,0.0
33.0,50.8,2.0,0.0,3,Loam,Fruiting,4.9
19.7,65.7,7.3,2.4,1,Loam,Vegetative,1.6
24.0,50.6,2.0,9.2,4,Loam,Fruiting,0.0
23.6,78.8,8.4,1.5,12,Clay,Fruiting,6.3
37.3,66.4,4.0,1.5,5,Loam,Vegetative,1.5
30.3,33.6,7.8,1.9,26,Sandy,Vegetative,4.8
26.5,57.9,1.6,4.1,27,Clay,Flowering,1.3
31.5,84.7,19.3,0.4,6,Loam,Fruiting,8.3
13.2,51.7,12.8,2.9,25,Loam,Vegetative,0.4
27.7,63.1,6.6,5.3,5,Loam,Fruiting,1.0
42.0,64.8,14.0,1.6,23,Clay,Vegetative,1.8
28.9,36.3,6.1,2.3,11,Loam,Flowering,2.7
28.5,64.2,0.1,6.7,2,Sandy,Vegetative,2.2
31.8,29.9,5.8,2.7,13,Loam,Fruiting,2.2
34.3,43.7,4.0,0.4,24,Sandy,Vegetative,9.4
14.0,74.4,3.7,3.7,28,Loam,Flowering,1.0
16.2,61.4,9.8,0.7,4,Sandy,Vegetative,0.0
29.5,49.5,1.3,2.4,25,Loam,Fruiting,3.8
23.0,63.0,20.8,3.1,9,Loam,Fruiting,7.2
37.2,53.9,9.7,1.4,14,Clay,Vegetative,7.1
25.8,55.2,5.4,0.8,4,Loam,Vegetative,1.8
14.5,66.8,3.3,7.4,29,Clay,Vegetative,0.3
19.1,41.9,18.0,3.1,23,Clay,Flowering,0.3
8.8,55.7,2.8,2.2,19,Sandy,Fruiting,1.6
26.4,49.4,33.8,1.2,22,Loam,Flowering,5.0
26.7,26.5,7.3,6.7,26,Sandy,Flowering,2.2
25.0,38.4,22.5,2.6,5,Clay,Fruiting,6.3
35.6,83.2,2.6,9.9,8,Loam,Flowering,0.0
36.4,61.9,23.4,1.7,2,Sandy,Vegetative,0.0
26.8,31.2,14.9,5.2,15,Sandy,Vegetative,0.0
13.1,27.3,1.3,4.3,15,Loam,Vegetative,0.3
32.3,53.0,13.5,2.1,1,Clay,Flowering,0.0
31.9,83.1,8.4,3.1,20,Loam,Vegetative,3.0
30.2,51.6,0.2,7.7,1,Sandy,Flowering,0.0
34.9,78.5,20.6,0.7,23,Loam,Vegetative,7.0
19.8,61.3,1.6,0.0,21,Loam,Fruiting,2.6
42.1,63.5,0.5,1.7,24,Loam,Vegetative,5.4
21.3,31.0,0.6,0.5,4,Sandy,Flowering,2.5
33.2,71.9,1.1,0.7,26,Loam,Vegetative,7.9
16.2,49.0,13.8,7.8,16,Clay,Vegetative,0.3
21.5,70.5,7.5,1.6,26,Loam,Vegetative,6.0
38.6,40.3,7.4,0.5,21,Loam,Flowering,9.8
26.2,58.2,0.1,2.7,20,Loam,Fruiting,6.9
33.9,61.3,5.4,0.0,1,Loam,Vegetative,0.8
29.7,52.2,11.4,0.9,21,Loam,Fruiting,8.0
27.3,62.3,4.2,1.5,14,Sandy,Flowering,7.8
37.5,50.2,2.0,3.2,25,Sandy,Flowering,9.1
26.3,43.3,3.7,6.6,20,Clay,Flowering,1.1
15.5,83.9,10.2,0.1,3,Clay,Vegetative,0.4
22.4,73.9,0.7,1.7,26,Loam,Fruiting,3.4
31.9,41.3,1.1,0.5,2,Sandy,Fruiting,5.8
30.8,65.2,1.5,3.8,9,Sandy,Fruiting,7.5
17.0,41.6,0.8,2.3,7,Sandy,Vegetative,0.0
22.9,33.7,9.3,1.1,29,Clay,Fruiting,3.1
23.9,73.6,0.4,0.5,5,Clay,Vegetative,0.0
25.4,24.3,4.2,3.1,25,Loam,Flowering,5.1
18.4,71.7,5.5,1.4,7,Clay,Vegetative,0.0
23.6,50.5,5.9,4.1,19,Sandy,Vegetative,3.1
22.9,51.2,1.4,2.4,3,Loam,Flowering,1.7
33.4,62.4,8.9,1.2,12,Sandy,Fruiting,7.8
33.7,65.5,22.3,6.0,19,Loam,Vegetative,4.6
27.0,40.1,12.4,3.1,21,Clay,Flowering,0.1
25.3,67.9,28.7,4.1,26,Clay,Flowering,5.5
29.0,57.0,26.0,2.2,24,Sandy,Fruiting,9.4
22.3,32.4,0.9,2.7,16,Sandy,Fruiting,0.6
20.0,51.9,4.3,2.7,9,Loam,Vegetative,4.0
21.4,79.9,18.2,1.6,8,Sandy,Vegetative,4.5
23.6,85.2,0.5,1.1,29,Loam,Flowering,2.6
19.9,67.9,2.2,6.2,18,Loam,Vegetative,0.0
29.1,33.6,2.0,1.2,27,Sandy,Fruiting,5.2
33.1,63.8,0.6,0.4,13,Sandy,Fruiting,13.6
16.9,70.3,10.7,1.5,15,Sandy,Fruiting,2.1
28.2,68.1,10.4,3.0,24,Clay,Vegetative,0.0
26.5,69.1,12.7,5.1,21,Loam,Fruiting,3.3
30.4,61.5,5.2,2.4,6,Loam,Fruiting,0.7
27.9,53.7,4.9,4.2,16,Loam,Vegetative,0.0
17.8,44.0,22.3,6.5,7,Loam,Vegetative,2.0
19.2,20.8,0.7,5.0,23,Sandy,Vegetative,1.0
28.2,61.1,6.8,1.2,1,Sandy,Vegetative,0.0
35.2,58.3,6.1,5.5,24,Loam,Fruiting,4.7
12.5,65.0,24.8,5.2,27,Loam,Fruiting,0.0
30.4,30.9,22.7,0.9,1,Sandy,Vegetative,0.8
36.3,66.6,2.9,0.8,19,Loam,Flowering,5.3
26.9,92.0,26.9,6.5,3,Clay,Vegetative,0.0
31.9,56.4,5.4,3.2,11,Sandy,Vegetative,2.2
23.1,53.9,10.4,2.0,10,Sandy,Vegetative,1.4
27.2,60.6,21.4,5.2,16,Loam,Flowering,4.5
16.7,91.6,7.6,0.1,27,Sandy,Fruiting,6.1
11.6,36.6,8.6,0.4,14,Loam,Fruiting,1.3
34.6,58.7,24.8,4.7,12,Loam,Fruiting,3.8
21.1,40.6,6.0,3.0,3,Loam,Vegetative,0.0
24.8,45.2,13.0,0.1,26,Loam,Fruiting,11.2
18.3,54.1,15.5,0.2,10,Loam,Vegetative,0.9
18.1,79.3,1.7,2.5,14,Loam,Vegetative,0.3
26.8,87.4,2.1,1.0,3,Sandy,Flowering,2.6
22.9,63.1,5.2,1.4,9,Loam,Vegetative,2.0
30.6,48.2,9.2,5.3,17,Loam,Vegetative,0.2
31.2,98.0,13.6,3.6,27,Loam,Vegetative,4.2
30.2,47.3,0.4,3.1,10,Sandy,Vegetative,3.9
29.7,44.7,14.8,3.7,17,Loam,Fruiting,7.1
39.0,23.1,14.0,1.8,26,Loam,Vegetative,7.7
20.5,80.1,11.0,1.9,11,Sandy,Flowering,5.1
27.6,72.4,1.9,5.9,9,Loam,Fruiting,4.2
35.9,98.0,17.2,0.1,2,Loam,Flowering,5.5
36.9,30.0,0.4,3.4,27,Loam,Flowering,10.4
18.0,81.2,0.4,0.5,4,Sandy,Fruiting,5.1
25.8,56.3,2.9,3.2,7,Clay,Vegetative,0.0
37.5,69.5,1.0,0.2,5,Sandy,Vegetative,6.5
31.6,25.3,0.3,14.0,21,Clay,Flowering,1.4
29.4,81.4,7.9,5.0,11,Loam,Flowering,5.4
26.5,69.2,16.0,0.5,21,Sandy,Fruiting,6.1
25.3,54.3,15.0,2.6,18,Loam,Vegetative,3.6
30.0,66.6,9.7,11.7,1,Loam,Flowering,0.0
26.2,41.2,1.7,1.2,9,Loam,Fruiting,6.1
27.7,44.6,1.5,3.6,1,Loam,Fruiting,0.0
28.6,46.7,27.0,13.2,2,Loam,Vegetative,1.0
23.3,21.7,1.3,3.7,14,Loam,Vegetative,0.0
31.7,70.5,41.4,0.9,8,Clay,Fruiting,8.5
48.0,76.4,21.9,4.1,3,Sandy,Flowering,4.6
15.6,42.4,5.1,2.9,12,Loam,Vegetative,0.6
30.3,61.3,5.1,0.4,14,Loam,Vegetative,8.4
22.7,50.2,2.1,1.1,29,Loam,Fruiting,4.0
32.0,60.9,5.4,0.2,20,Loam,Flowering,7.3
28.3,43.7,0.9,0.7,12,Loam,Flowering,5.4
33.3,39.1,5.6,1.5,14,Loam,Fruiting,8.0
36.2,73.9,17.2,0.1,3,Loam,Vegetative,7.7
29.3,53.9,5.2,2.6,12,Sandy,Vegetative,3.6
35.9,91.4,1.2,0.8,17,Loam,Flowering,4.8
11.6,55.8,3.5,2.5,1,Sandy,Fruiting,3.7
39.1,38.3,10.3,3.5,27,Sandy,Vegetative,5.4
30.6,77.1,2.6,2.3,15,Sandy,Fruiting,3.2
35.5,66.4,4.8,2.6,23,Loam,Vegetative,2.1
19.5,68.1,2.2,0.6,8,Clay,Vegetative,0.0
22.2,76.4,3.8,12.6,25,Loam,Fruiting,0.0
29.0,43.2,1.5,1.1,11,Sandy,Vegetative,3.8
27.9,52.7,21.7,0.9,27,Clay,Vegetative,3.7
30.0,51.9,7.4,6.8,16,Sandy,Fruiting,6.2
35.6,31.8,5.0,4.1,19,Clay,Vegetative,3.4
15.6,50.3,31.2,0.5,6,Loam,Vegetative,3.4
34.8,79.1,16.4,0.2,29,Sandy,Fruiting,9.0
28.1,59.3,1.0,1.2,6,Loam,Vegetative,4.3
26.6,30.8,13.4,11.5,1,Loam,Fruiting,2.8
17.7,27.0,9.1,4.7,13,Loam,Vegetative,0.8
31.5,85.0,14.2,2.1,25,Sandy,Vegetative,5.3
11.1,53.4,3.3,0.0,27,Clay,Fruiting,0.1
32.5,43.3,5.1,1.3,25,Loam,Vegetative,6.7
17.6,50.1,13.7,1.1,17,Clay,Fruiting,6.9
28.4,28.4,12.2,8.8,27,Clay,Fruiting,0.8
27.2,80.6,6.6,0.1,15,Sandy,Fruiting,6.2
36.2,47.9,12.6,0.1,14,Loam,Vegetative,6.1
26.7,79.6,0.8,3.3,6,Clay,Vegetative,0.0
23.1,55.9,8.9,0.4,23,Loam,Fruiting,5.0
24.5,80.7,0.1,1.4,10,Sandy,Flowering,5.2
36.9,59.6,0.6,0.3,6,Sandy,Fruiting,8.7
31.8,70.4,0.4,0.6,11,Sandy,Fruiting,9.8
25.3,67.9,21.9,1.2,18,Clay,Vegetative,3.6
26.3,66.2,14.7,2.8,8,Loam,Vegetative,0.0
17.0,61.3,8.3,4.1,11,Loam,Flowering,0.0
30.7,50.8,6.2,2.4,10,Clay,Flowering,2.3
15.7,89.5,1.2,0.1,18,Sandy,Vegetative,2.3
33.3,38.7,1.0,1.5,21,Loam,Flowering,9.7
28.9,55.1,9.6,0.5,20,Sandy,Fruiting,12.6
44.7,55.3,13.8,0.6,5,Sandy,Vegetative,8.4
20.3,62.2,13.2,1.9,11,Sandy,Vegetative,2.7
27.3,47.3,28.0,4.0,19,Loam,Fruiting,2.7
40.6,60.7,5.1,0.7,7,Loam,Fruiting,8.5
36.3,52.0,1.3,4.6,3,Loam,Fruiting,0.0
23.1,26.5,1.0,4.1,10,Sandy,Vegetative,4.4
29.6,55.2,1.6,7.8,20,Sandy,Fruiting,0.0
28.0,35.2,26.6,5.9,20,Loam,Fruiting,5.1
30.0,23.8,0.9,2.1,4,Sandy,Fruiting,2.7
23.1,57.5,6.4,0.7,20,Clay,Vegetative,2.7
27.4,63.8,23.7,3.4,6,Clay,Vegetative,2.0
16.8,64.5,5.1,9.1,22,Loam,Flowering,2.0
28.9,65.2,1.0,6.1,17,Loam,Vegetative,0.0
31.2,20.2,9.5,1.2,4,Loam,Vegetative,4.4
26.4,30.5,1.3,10.9,11,Loam,Fruiting,0.0
16.7,90.5,17.0,0.8,24,Clay,Vegetative,2.2
34.9,36.2,0.5,2.3,13,Clay,Fruiting,7.6
30.6,66.0,5.8,1.9,20,Loam,Flowering,5.5
22.9,42.6,10.9,5.9,22,Loam,Fruiting,0.6
26.0,56.4,1.3,1.8,1,Clay,Vegetative,0.0
17.5,43.6,0.3,4.0,28,Sandy,Flowering,3.4
20.8,65.1,5.5,1.5,10,Loam,Flowering,0.7
24.2,57.5,3.9,0.6,24,Loam,Fruiting,3.6
36.6,46.9,2.3,4.8,14,Loam,Vegetative,3.3
23.5,36.1,8.8,2.2,17,Loam,Vegetative,1.6
32.5,59.8,10.0,4.9,11,Sandy,Fruiting,2.8
24.2,33.2,21.5,2.3,25,Sandy,Vegetative,6.8
29.7,62.7,33.2,1.3,4,Loam,Flowering,1.8
27.0,98.0,5.0,1.5,26,Clay,Vegetative,1.7
34.1,79.3,0.5,13.9,7,Clay,Vegetative,0.0
24.3,67.9,2.0,6.4,26,Loam,Flowering,0.0
17.0,53.5,0.3,5.8,1,Sandy,Flowering,0.0
18.3,20.1,4.3,4.4,1,Loam,Flowering,1.4
24.3,31.2,0.8,0.5,3,Loam,Flowering,2.6
19.3,78.1,21.2,3.1,16,Loam,Fruiting,4.6
30.9,40.8,0.5,2.1,8,Loam,Fruiting,3.9
24.7,42.4,12.3,2.8,18,Sandy,Vegetative,7.4
44.6,52.0,2.0,1.6,24,Loam,Vegetative,2.5
15.8,35.9,3.5,6.0,1,Loam,Vegetative,0.0
29.4,32.9,12.9,4.1,16,Loam,Fruiting,8.7
20.1,54.1,0.2,3.0,22,Clay,Vegetative,1.2
24.5,39.0,1.4,1.4,13,Loam,Fruiting,5.6
29.0,41.7,5.0,1.9,27,Clay,Flowering,4.9
11.7,40.9,7.8,2.9,20,Loam,Flowering,1.8
29.7,64.4,5.1,0.0,2,Loam,Fruiting,3.5
41.3,50.8,5.9,2.1,16,Clay,Flowering,4.3
24.8,51.8,9.5,4.0,12,Clay,Flowering,3.0
29.8,65.7,0.3,4.9,4,Clay,Vegetative,1.3
35.2,52.4,3.2,1.6,28,Clay,Flowering,8.1
26.9,50.0,4.8,1.5,7,Loam,Vegetative,6.1
23.9,63.5,9.1,11.5,3,Sandy,Fruiting,0.7
12.1,67.0,4.8,0.6,7,Loam,Vegetative,0.0
32.5,52.4,4.0,1.9,24,Clay,Vegetative,6.6
27.2,56.5,2.6,1.9,18,Loam,Vegetative,0.8
20.9,40.9,6.1,3.1,24,Loam,Flowering,3.0
28.9,39.5,1.6,2.6,14,Clay,Fruiting,3.6
23.9,68.8,0.6,2.6,4,Clay,Vegetative,0.0
24.3,63.0,17.7,1.4,12,Clay,Vegetative,3.9
32.2,63.2,7.7,4.3,6,Loam,Flowering,2.5
18.6,60.1,0.8,4.9,17,Loam,Fruiting,1.6
35.3,55.8,0.2,4.7,8,Clay,Fruiting,1.0
18.2,67.5,8.1,1.9,29,Sandy,Vegetative,1.8
23.4,71.8,12.5,2.7,11,Sandy,Flowering,2.0
41.5,71.4,5.9,0.8,10,Clay,Fruiting,7.1
35.9,53.2,0.3,2.7,29,Loam,Fruiting,6.5
28.7,80.0,1.6,2.7,16,Loam,Flowering,6.9
21.4,59.1,0.5,1.7,5,Sandy,Fruiting,2.5
24.3,66.4,11.3,10.1,14,Loam,Flowering,0.0
28.5,60.1,1.3,0.9,8,Clay,Vegetative,5.3
28.3,59.4,14.5,0.2,21,Loam,Vegetative,5.8
27.4,41.8,10.7,9.5,17,Loam,Vegetative,0.0
27.8,67.6,4.7,5.8,22,Loam,Vegetative,0.0
26.5,98.0,4.6,0.4,28,Clay,Vegetative,0.9
17.9,48.3,0.8,1.7,22,Clay,Fruiting,6.4
24.4,56.3,2.3,0.5,10,Loam,Fruiting,5.2
34.4,47.0,0.9,2.6,6,Loam,Vegetative,0.0
18.4,46.2,14.1,0.5,16,Sandy,Vegetative,4.3
26.7,82.8,5.3,2.9,14,Loam,Fruiting,6.0
22.3,42.9,0.7,1.1,10,Sandy,Flowering,4.7
28.8,46.5,13.9,8.0,24,Loam,Vegetative,0.0
25.3,26.4,0.5,1.8,27,Loam,Fruiting,3.3
38.3,41.4,2.0,2.9,12,Loam,Vegetative,2.1
31.5,24.2,14.6,1.1,20,Sandy,Vegetative,9.7
18.8,66.4,7.6,1.9,29,Sandy,Fruiting,4.0
32.7,98.0,6.1,0.2,1,Sandy,Flowering,0.0
22.6,48.4,16.2,1.0,11,Loam,Vegetative,3.9
24.0,25.0,1.4,2.5,22,Sandy,Fruiting,6.0
30.2,71.2,2.7,0.9,15,Sandy,Fruiting,6.7
24.6,41.9,4.0,0.5,23,Clay,Vegetative,1.1
34.2,78.4,14.6,0.1,14,Sandy,Flowering,6.6
22.6,49.9,1.1,1.5,2,Clay,Vegetative,2.2
23.7,43.6,12.6,6.1,13,Loam,Flowering,1.1
23.4,51.8,0.2,3.7,12,Loam,Flowering,2.6
24.0,68.6,2.3,10.3,25,Loam,Vegetative,0.5
35.7,50.9,2.0,3.7,5,Sandy,Vegetative,2.8
32.4,46.1,5.0,1.4,5,Clay,Fruiting,3.2
40.0,51.4,4.5,5.8,5,Clay,Vegetative,0.0
43.9,32.1,31.7,4.2,17,Loam,Fruiting,14.5
20.8,62.1,3.9,1.9,29,Loam,Vegetative,4.6
28.5,22.8,8.0,15.1,18,Loam,Fruiting,0.0
19.8,47.0,0.3,9.2,24,Clay,Flowering,0.0
22.6,68.7,11.6,0.4,25,Clay,Vegetative,4.6
23.6,60.5,4.4,9.4,18,Sandy,Fruiting,3.8
20.6,65.6,3.7,2.5,18,Clay,Fruiting,5.8
20.6,53.8,1.2,3.0,8,Clay,Flowering,0.0
27.0,76.1,22.7,4.3,28,Loam,Flowering,5.4
19.5,71.6,7.9,0.5,23,Sandy,Flowering,4.6
33.9,63.0,2.5,2.2,26,Clay,Flowering,6.3
21.6,71.7,0.3,0.6,29,Loam,Flowering,5.3
47.7,68.5,14.2,1.7,11,Loam,Fruiting,8.6
24.8,47.1,7.7,0.3,5,Clay,Vegetative,3.5
28.5,30.8,4.3,1.9,25,Loam,Flowering,7.1
18.9,62.6,2.5,0.6,14,Clay,Flowering,2.7
39.9,64.8,10.3,2.2,28,Loam,Fruiting,8.4
35.8,74.6,12.0,3.2,21,Sandy,Vegetative,1.5
30.1,38.1,4.2,8.6,8,Clay,Vegetative,1.4
18.6,38.7,6.6,2.7,11,Loam,Vegetative,1.3
29.5,63.3,26.5,3.3,18,Loam,Fruiting,4.2
20.1,53.7,35.6,0.1,12,Loam,Flowering,4.7
38.2,21.1,16.3,2.9,9,Sandy,Vegetative,6.6
33.7,61.8,5.3,1.6,7,Loam,Vegetative,2.1
28.7,21.7,1.0,2.7,19,Loam,Fruiting,5.6
10.9,38.0,14.0,0.8,2,Clay,Flowering,0.0
21.1,79.3,0.3,1.6,3,Clay,Flowering,3.2
32.8,87.8,3.0,6.4,2,Loam,Vegetative,0.0
36.5,33.1,0.3,2.9,22,Sandy,Vegetative,3.0
35.8,49.1,8.9,5.0,1,Loam,Vegetative,0.0
16.9,55.8,3.5,2.1,13,Sandy,Vegetative,3.6
30.1,87.1,6.4,0.4,4,Clay,Flowering,3.9
35.1,46.1,4.7,0.0,18,Loam,Vegetative,6.4
16.4,46.4,6.7,2.1,1,Clay,Vegetative,1.7
27.9,82.9,1.0,2.5,1,Loam,Vegetative,1.7
29.9,48.3,0.8,1.1,12,Sandy,Vegetative,5.0
25.9,68.0,9.3,2.4,21,Clay,Vegetative,1.2
15.0,28.4,4.4,4.6,4,Loam,Vegetative,0.0
25.7,51.9,4.6,1.7,15,Clay,Vegetative,3.0
25.7,25.1,0.6,3.7,24,Clay,Fruiting,5.6
27.0,36.0,7.4,9.3,19,Loam,Fruiting,0.0
24.1,70.1,6.5,5.3,22,Loam,Flowering,3.7
24.9,54.1,0.2,1.5,10,Loam,Vegetative,3.2
27.7,49.3,0.8,0.8,28,Clay,Fruiting,6.0
31.1,41.5,6.2,2.4,5,Clay,Fruiting,8.0
25.9,51.0,0.6,6.0,18,Loam,Flowering,3.9
25.1,60.4,2.4,3.3,13,Loam,Vegetative,4.5
28.6,72.7,1.1,8.1,1,Sandy,Fruiting,0.0
14.6,10.0,5.4,8.6,28,Loam,Fruiting,4.4
31.3,40.0,5.7,2.0,21,Clay,Fruiting,5.4
28.0,57.9,6.9,4.6,7,Clay,Flowering,0.2
28.3,53.2,10.8,2.0,2,Loam,Flowering,0.0
34.7,62.3,3.9,0.0,20,Loam,Fruiting,9.2
14.3,59.8,0.3,16.8,16,Sandy,Vegetative,0.0
14.2,49.5,15.6,2.7,2,Sandy,Vegetative,0.8
29.9,45.5,6.8,2.0,29,Loam,Fruiting,4.1
28.0,50.6,3.8,0.3,21,Clay,Vegetative,7.3
29.2,75.7,6.8,0.9,14,Loam,Vegetative,4.8
24.8,41.8,2.0,1.0,7,Loam,Vegetative,7.2
32.7,53.9,3.4,3.7,8,Loam,Vegetative,0.0
34.5,58.3,9.6,6.4,14,Sandy,Vegetative,4.9
31.4,83.1,8.0,0.2,2,Sandy,Flowering,0.0
26.2,49.6,22.6,3.0,11,Clay,Flowering,3.3
13.2,72.3,2.8,0.3,7,Sandy,Flowering,1.3
33.4,77.2,6.8,1.2,4,Loam,Vegetative,1.4
36.6,53.9,5.5,15.6,4,Loam,Fruiting,0.0
32.5,51.2,0.4,3.0,11,Sandy,Flowering,3.5
21.8,49.1,2.3,2.1,12,Sandy,Fruiting,2.1
32.7,50.4,23.8,6.6,11,Sandy,Vegetative,1.2
34.0,70.4,4.1,3.7,21,Loam,Vegetative,2.6
38.9,59.2,0.9,0.9,16,Clay,Fruiting,9.7
21.9,59.2,5.1,2.5,6,Loam,Fruiting,2.9
26.4,34.7,10.8,2.6,29,Loam,Vegetative,5.2
33.2,37.6,16.1,2.6,22,Loam,Flowering,3.4
28.4,93.6,8.4,1.2,14,Clay,Fruiting,3.5
20.2,51.8,2.6,3.2,2,Sandy,Vegetative,1.4
30.9,41.1,9.0,1.7,27,Clay,Flowering,5.5
32.1,80.8,8.2,7.5,22,Loam,Vegetative,0.0
28.6,60.1,20.5,0.9,14,Clay,Vegetative,5.5
29.5,65.4,8.1,3.3,5,Loam,Fruiting,1.6
26.2,52.5,5.4,3.2,4,Sandy,Flowering,0.2
38.3,49.3,1.6,1.4,9,Loam,Fruiting,8.7
21.7,51.9,6.1,0.6,7,Sandy,Fruiting,5.1
23.9,30.1,2.5,0.3,7,Loam,Fruiting,4.0
28.1,53.4,1.1,3.1,12,Loam,Flowering,2.0
34.2,60.3,18.5,1.6,2,Loam,Flowering,0.0
17.5,88.3,3.7,1.9,10,Sandy,Vegetative,0.5
18.8,56.5,12.9,1.5,26,Loam,Flowering,5.4
13.7,13.0,12.0,0.4,26,Loam,Flowering,4.0
28.2,53.3,3.7,1.8,1,Clay,Fruiting,1.9
20.2,98.0,3.2,0.0,20,Loam,Vegetative,3.8
25.3,70.6,9.4,1.4,29,Loam,Vegetative,1.8
32.6,40.4,0.2,2.2,17,Clay,Fruiting,2.0
23.5,65.6,10.3,7.1,12,Loam,Fruiting,0.0
29.6,41.6,2.2,0.4,15,Loam,Vegetative,3.2
25.9,30.6,1.6,2.7,7,Sandy,Fruiting,3.2
32.7,48.7,2.0,1.3,12,Loam,Flowering,7.6
31.3,56.6,14.7,4.9,28,Loam,Fruiting,6.7
23.2,21.3,17.7,0.8,18,Sandy,Vegetative,9.4
26.8,34.3,3.7,1.6,13,Clay,Flowering,2.2
35.3,55.2,8.4,3.7,4,Sandy,Vegetative,4.8
30.8,47.7,43.9,1.2,27,Loam,Vegetative,9.4
18.2,62.1,1.4,4.7,5,Sandy,Fruiting,0.0
32.6,33.1,6.2,0.2,21,Loam,Vegetative,6.7
20.4,67.9,1.7,0.8,9,Clay,Vegetative,4.2
37.9,33.7,21.6,0.1,9,Sandy,Vegetative,8.4
35.2,84.6,0.5,3.9,5,Loam,Flowering,1.3
30.0,24.1,0.5,1.6,11,Loam,Fruiting,5.1
29.1,35.3,3.9,2.6,20,Clay,Vegetative,0.0
26.5,62.5,0.8,0.3,13,Sandy,Fruiting,7.2
32.7,85.0,2.9,2.5,1,Loam,Fruiting,0.0
25.4,60.7,12.7,0.9,8,Loam,Vegetative,0.9
29.6,65.1,3.3,3.2,5,Loam,Fruiting,3.4
34.1,55.3,0.2,1.0,12,Loam,Vegetative,1.4
24.1,36.5,26.9,1.4,27,Loam,Flowering,7.1
23.7,46.2,1.1,1.5,28,Loam,Vegetative,3.6
19.6,33.2,6.0,16.8,29,Sandy,Vegetative,0.0
20.5,32.0,6.0,5.9,4,Loam,Vegetative,0.0
15.2,62.2,3.5,0.1,15,Loam,Vegetative,0.0
33.1,34.8,0.1,1.2,2,Loam,Fruiting,3.9
40.7,60.8,4.6,6.5,15,Sandy,Flowering,5.6
38.0,31.6,2.4,2.6,17,Loam,Fruiting,8.7
16.6,60.3,8.8,3.8,23,Loam,Flowering,1.7
33.1,46.2,0.4,0.7,10,Loam,Flowering,4.6
38.0,80.3,10.5,0.3,2,Clay,Vegetative,0.0
24.8,60.8,8.4,0.9,14,Loam,Flowering,6.5
28.7,77.2,8.6,9.5,13,Loam,Vegetative,1.4
13.9,41.4,8.6,2.5,19,Sandy,Fruiting,1.8
29.9,56.0,21.5,1.6,3,Clay,Fruiting,3.5
20.6,37.3,0.9,3.0,18,Loam,Vegetative,3.6
29.4,47.6,0.6,3.4,12,Loam,Flowering,5.5
17.1,50.3,0.6,3.4,22,Sandy,Flowering,0.5
31.8,41.9,5.7,1.2,29,Sandy,Flowering,4.8
35.2,33.1,0.9,14.8,7,Loam,Vegetative,0.0
22.5,29.6,5.9,0.8,22,Sandy,Fruiting,6.3
20.0,12.9,6.4,6.3,4,Sandy,Fruiting,2.9
12.9,36.0,0.9,1.7,29,Sandy,Vegetative,0.0
26.1,66.3,12.8,2.6,14,Clay,Flowering,1.5
23.9,26.2,3.4,3.0,22,Loam,Vegetative,0.6
17.1,30.4,8.9,0.5,23,Clay,Fruiting,2.7
31.2,87.2,9.0,1.0,18,Clay,Vegetative,3.2
24.9,43.5,1.4,3.2,12,Clay,Vegetative,0.0
20.5,60.8,17.8,5.1,22,Loam,Vegetative,2.2
24.1,66.6,2.4,2.6,14,Sandy,Fruiting,4.3
35.5,66.9,25.7,7.3,20,Loam,Fruiting,9.6
32.2,27.6,0.7,1.8,18,Sandy,Vegetative,2.9
27.1,50.8,0.1,1.4,14,Loam,Vegetative,6.3
32.3,25.9,1.5,5.3,4,Sandy,Fruiting,5.3
19.9,98.0,4.8,0.1,9,Sandy,Flowering,3.0
28.2,26.3,5.9,5.1,28,Loam,Vegetative,0.3
29.0,36.1,8.3,0.9,16,Sandy,Fruiting,7.0
24.7,36.3,7.1,2.9,19,Sandy,Vegetative,1.1
31.0,28.1,3.0,0.0,8,Sandy,Flowering,7.4
22.5,79.3,9.8,1.2,21,Loam,Vegetative,2.6
31.6,98.0,0.5,8.6,15,Sandy,Fruiting,0.0
31.9,46.4,0.3,3.6,7,Sandy,Fruiting,9.7
7.6,31.2,1.1,1.0,5,Sandy,Vegetative,0.1
36.3,14.7,1.1,0.6,12,Loam,Fruiting,9.4
6.7,50.6,3.9,1.5,17,Sandy,Fruiting,0.2
23.7,49.3,7.3,0.7,9,Sandy,Fruiting,5.6
35.2,43.3,30.3,6.5,8,Clay,Flowering,1.4
25.8,59.0,2.1,3.1,8,Clay,Flowering,1.4
17.7,62.1,7.2,3.1,9,Sandy,Fruiting,2.4
20.3,60.8,1.2,6.9,22,Sandy,Vegetative,1.6
35.2,49.3,0.4,3.0,15,Sandy,Vegetative,4.8
14.5,35.2,0.2,15.1,14,Loam,Vegetative,1.4
35.9,67.0,10.3,1.3,5,Sandy,Fruiting,6.9
27.6,55.2,31.5,2.8,16,Clay,Vegetative,2.9
19.7,71.0,21.6,0.8,28,Clay,Vegetative,1.9
23.9,69.2,4.6,2.4,22,Loam,Flowering,5.0
20.9,29.4,0.4,1.7,13,Sandy,Vegetative,3.4
34.1,29.2,1.5,0.6,9,Clay,Vegetative,3.8
33.1,41.4,12.7,0.9,11,Loam,Flowering,6.5
16.0,36.0,2.0,1.3,1,Loam,Vegetative,0.0
25.2,68.6,7.0,2.1,1,Sandy,Fruiting,0.1
22.0,61.3,2.9,3.6,23,Loam,Vegetative,0.5
37.1,74.8,5.7,1.3,25,Clay,Fruiting,5.5
18.5,62.1,13.0,0.8,29,Clay,Flowering,4.5
39.2,58.8,4.6,5.9,19,Loam,Vegetative,3.4
27.8,76.6,39.1,8.3,27,Loam,Vegetative,3.6
19.9,63.5,3.7,1.8,13,Loam,Flowering,1.3
23.3,56.2,3.6,1.8,8,Loam,Vegetative,3.1
22.4,81.6,5.3,0.2,8,Clay,Vegetative,0.0
19.1,57.1,0.5,1.0,7,Loam,Fruiting,4.7
28.7,49.5,13.1,0.9,22,Sandy,Flowering,4.5
19.4,39.9,3.8,2.5,1,Sandy,Fruiting,0.0
12.7,67.7,9.5,0.4,28,Loam,Vegetative,2.6
25.3,77.3,6.1,1.2,23,Clay,Vegetative,1.1
15.4,54.1,7.0,3.9,12,Sandy,Flowering,0.0
22.7,78.5,7.9,3.4,21,Loam,Vegetative,0.0
21.6,19.5,2.3,1.1,4,Clay,Vegetative,2.7
21.9,54.0,12.8,0.4,13,Loam,Vegetative,1.5
42.0,54.3,0.0,1.2,4,Sandy,Vegetative,4.2
28.4,41.9,0.6,2.1,4,Loam,Fruiting,2.1
29.7,97.9,10.6,2.3,1,Loam,Vegetative,1.6
15.6,53.8,21.8,0.3,24,Sandy,Fruiting,7.2
23.4,47.7,2.3,1.4,22,Loam,Vegetative,0.0
29.5,55.5,1.2,5.6,26,Loam,Vegetative,2.3
20.8,18.9,5.3,8.7,29,Loam,Vegetative,0.0
34.4,41.3,1.2,8.9,28,Loam,Flowering,0.9
19.6,72.7,0.2,0.3,29,Sandy,Fruiting,3.3
26.0,43.7,5.4,7.9,1,Sandy,Fruiting,0.7
23.9,40.1,0.9,4.8,23,Sandy,Vegetative,6.0
29.2,78.6,7.5,3.1,21,Sandy,Flowering,4.8
23.5,79.1,3.6,2.0,5,Loam,Fruiting,1.4
26.1,64.3,21.2,0.8,4,Sandy,Vegetative,2.5
26.3,46.8,6.6,2.7,29,Loam,Flowering,0.8
22.9,50.7,9.8,0.4,26,Sandy,Vegetative,7.4
31.4,40.5,5.0,0.2,10,Sandy,Flowering,8.4
29.7,37.1,8.3,7.5,3,Sandy,Flowering,0.0
27.4,36.2,13.3,0.8,10,Loam,Vegetative,2.1
25.0,43.9,5.4,7.0,1,Loam,Fruiting,0.0
33.6,36.4,5.4,0.5,20,Clay,Flowering,8.0
26.3,26.9,1.4,0.9,12,Sandy,Fruiting,5.0
25.9,58.9,0.2,0.6,2,Loam,Fruiting,4.2
28.7,59.2,2.6,1.6,29,Loam,Vegetative,3.1
39.9,85.6,5.9,5.8,24,Loam,Flowering,1.5
18.6,43.0,11.6,7.1,27,Sandy,Vegetative,0.0
33.4,60.3,5.4,2.0,29,Sandy,Fruiting,12.0
14.7,60.6,22.3,3.3,1,Sandy,Vegetative,0.0
29.5,50.4,7.8,0.3,23,Clay,Fruiting,4.9
39.0,68.4,14.1,0.3,23,Loam,Flowering,10.6
31.4,69.0,45.0,5.0,23,Loam,Flowering,5.4
29.2,60.9,18.8,1.6,8,Loam,Flowering,3.2
24.1,50.4,23.9,4.3,12,Loam,Flowering,4.4
28.2,48.6,4.3,1.6,27,Loam,Fruiting,8.0
26.2,30.4,1.4,2.3,2,Sandy,Fruiting,2.1
22.5,40.5,3.5,2.9,19,Loam,Vegetative,0.2
26.0,43.8,0.7,1.8,23,Sandy,Flowering,4.3
29.4,34.8,1.0,1.5,24,Sandy,Vegetative,5.3
22.6,62.9,0.2,1.5,18,Sandy,Flowering,1.6
22.4,76.5,0.0,0.4,23,Loam,Flowering,6.6
18.5,38.7,18.5,3.6,27,Loam,Vegetative,4.2
30.7,60.1,27.9,0.5,23,Loam,Fruiting,8.5
31.8,36.4,9.0,0.7,4,Sandy,Flowering,5.9
29.6,49.5,6.9,1.6,8,Clay,Flowering,6.0
34.8,42.6,5.4,1.6,9,Sandy,Fruiting,12.7
28.6,65.8,29.1,1.4,10,Clay,Fruiting,8.7
30.7,42.8,3.1,5.2,11,Loam,Fruiting,0.0
30.1,73.2,12.2,1.1,7,Loam,Vegetative,2.6
27.4,50.6,2.2,6.3,20,Loam,Vegetative,1.0
24.3,43.3,2.2,2.7,4,Loam,Fruiting,0.8
43.5,32.4,9.8,2.4,23,Loam,Vegetative,10.0
